JS2gene,F.halapii_gene,F.major_gene,F.muscicola_gene,F.pepsitadii_gene,F.thermalis_gene,F.welwii_gene
dnaA,tnpA,dac,cas1_1,fni,mltF,nhaS3_1
dnaN,ctpF_1,rsmE,cas2_1,carC_1,glnQ,bepE_1
sasA_1,sasA_1,estB_1,eriC,cas2_1,mfd,mdtA_1
rpmG,cusR_1,kojP,gyrA_1,cas1_1,hslO,pknD_1
rnr_1,mtgA_1,rcsC_1,lnt,dnaK2_1,hhoA,mtcA2_1
nplT,apnhaP_1,metK_1,menH_1,dusB,crtN,btuB_1
mntB_1,yhhT_1,prk_1,xynZ_1,speA_1,psaF,petJ_1
mntB_2,hmp,petH,mprF_1,ychF,psbH,rpoD_1
troA,sodA1,hom,sugB,vldW,psbB,priA
moeZ,csm3,ispH,msmX,cpoB_1,psbC,cpdA_1
selU,noc_1,amtB,argG,rmlD,psbD1,ggt_1
mazG,soj_1,purE,cobN_1,pipB2_1,apcD_1,dfa5_1
petC,xerD_1,nagA,phrA,rcsC_1,apcE,dfa3_1
proA_1,relA_1,chlM,dfa3_1,rffG,apcD_2,eis_1
pchA,cysK,rcsC_2,dfa5_1,panS,apcB,ligA
menA_1,norM,cheR_1,ggt,scrK,apcD_3,kdpD
ykfB,lysA_1,cheB_1,gpmI,leuD1,psbA1,kdpC_1
menE_1,dap_1,bvgS,cph2_1,leuC,chlF,kdpB_1
egtB_1,icfA,ybiT,ybiT,sfsA,rssB,kdpA_1
ydcV,xerC_1,gpmI,rcsC_1,cpoB_2,sasA_1,eis_2
rcsC_1,yhcG,hrcA,cheB_1,pknD_1,phoP_1,flhA
gfo,hscA,susA_1,cheR_1,bamA_1,psaA,hmo
tenA,rapA_1,purH,rcsC_2,iolG_1,psaB,nasF_1
dapL_1,soj_2,estB_2,rcsC_3,rcsC_2,psaL,coaE_1
trxB,noc_2,undec1A,lnrL_1,sadH,nifJ,hcaR_1
murD,ycf3_1,rcsC_3,sigA2_1,tldD_1,petB,tldD_1
glyS,hin,cheR_2,speE,hisB,nhaP2,ctpC
rcsC_2,phoD_1,cheB_2,speH,fabI,sasA_2,def_1
surE_1,ftsH_1,rcsC_4,pknD_1,ntcA,mrgA,dnaA
mntH_1,dbpA_1,cpoB_1,pknD_2,proA_1,liaR,dnaN_1
cocE,dnaN_1,pstB,glcP,metZ,rcp1_1,rhaR_1
rutB_1,yqeN_1,pstA_1,btuD_1,ltxD_1,rcsC_1,rpmG
pknD_1,soj_3,sphX_1,modA_1,exoA,rcsC_2,rnr_1
mazF9,noc_3,dnaK2_1,tgt,bshA_1,rcsC_3,sasA_1
rpiA,sasA_2,hspA_1,psbM,thiG,rpsU1,pcrA_1
cbiD,tcrA_1,hspA_2,prlC,cimA,hetR_1,smc_1
cobK,sbnA_1,uvrA,ileS_1,ndhD1_1,hetR_2,glmS
ddpX,teaD,hdc,pknD_3,nuoL_1,gutB,psaC
nupX,copA_1,ureC,gnd,cmpR_1,COQ5,pknD_2
shc,cnrA_1,ureB1,ileS_2,spkF,glnA,pknD_3
sigA2_1,cpoB_1,ureA,ald2,yidA,apcD_4,hcaC
speE,mntH,ureD,rihB,polA,tlyA,cpdA_2
speH,sasA_3,lapB,flhA,pacL_1,psbA3,moaA_1
spkB_1,arlR,psbA2,rimM,recF,era,COQ5_1
pknD_2,sigA2_1,psbA3_1,yflS,bchI,dnaG,pgcA
glcP,pcxA_1,ppc,sasA_1,lacF_1,blh,glnB
lipB,czcD,lip1,arsC,divK_1,selU,psaK_1
hpf,sigA2_2,ilvE_1,arsH,upp_1,moeZ,bamA_1
ompA_1,cnrA_2,deoC2,aqpZ_1,ribA,nplT,pgl
tadA_1,ziaR_1,recO,sphX_1,ycf3_1,rnr,rph
lnrK_1,cadA_1,mshA_1,cadI,yciC_1,rpmG,adk_1
egtB_2,sigA2_3,recR,yidD_1,hemB_1,sasA_3,btuR
egtC,bamA_1,carC,cysA_1,moaA_1,dnaN,dcd_1
amt,todS_1,acuC,purT,mhpA,dnaA,dcd_2
chlM,srrA_1,gshA,sasA_2,dac,def,dcd_3
nagA,sasA_4,trmL,rcp1_1,sasA_1,ctpC,thyX
purE,tcrA_2,prxU,cph1_1,aspS2,dhaK,ntdC
amtB,cnrA_3,resA_1,mnmE_1,hin,dhaL,ddpX
ispH,pacS_1,dnaJ_1,sasA_3,pgmB,sbpA,mnmE_1
nrgA,merR1_1,glgC,sasA_4,COQ5_1,cysT,sasA_2
rcsC_3,merR1_2,def_1,rcsC_4,soj_1,cysW,yhhT_1
metK_1,lnrK_1,ftsX,rcsC_5,lnrL_1,sigB,leuD
prk_1,xerC_2,aat,phoB,PSK,dusA,leuC
petH,mmcR,rpsN,rcsC_6,psaM,menB,devR_1
hom,nucA,thiD,tal_1,ycf3_2,yojI,ltxD_1
fbp,yojI_1,treZ,kefC,yfcG_1,bepA,lagD_1
tal_1,tolB_1,glgX_1,norR,moaA_2,der_1,cobU
zwf,noc_4,malQ_1,mnmA,ruvB_1,clpC,hemH_1
cbiA,ftsH_2,trmR,dnaJ_1,ycf3_3,yefM,COQ5_2
infC_1,ftsH_3,glpE_1,cysK1_1,kdpB_1,relK,chaB
cas4,aguA,rcsC_5,cymR_1,feoB,btuD_1,cysK1_1
cas4-cas1,bltD,sasA_1,nudF_1,alkA,COQ3,sugA
cas2,rdmC,rcp1_1,folK,ada,nfi,folB
trmR_1,lgrB_1,sasA_2,mtgA_1,btuD_1,cysC,menD
cysC_1,lgrD_1,mazG,rsmB,ycf3_4,kefB_1,pip
nfi,mdtG,znuA,rfbM,sufB,yadH,mfppA_1
COQ3_1,thcB,znuC,tagU_1,sufC,estP,ruvA
btuD_1,bioI,ziaR_1,trmR_1,sufD,clpB,bioF
dsbD,dntB,znuB,murJ_1,csd_1,atpC,psaJ
ccsB,rebD,yciC_1,nasF_1,suhB_1,atpD,auaH_1
queF,rebO,folE_1,engB,pucC,bshA,fabH_1
secA,trpD2_1,hisI_1,parE1,crhR,murG_1,pksE_1
COQ5_1,trpB_1,mntB_1,kefB_1,rimO,murG_2,aaeA
ribF,trpA_1,def_2,nahK,nadB,tuaD,lolD_1
rbn,trpC_1,oppF,petC_1,psbU,mprA,COQ5_3
surE_2,menF_1,nikB,dltA_1,salL,senX3,rcsC_1
pheS_1,aroF_1,btuB_1,cysH,trmJ,rimO,pphC
pheS_2,rssB_1,dltA_1,cpdA_1,secA,crhR,ycf3_1
dbpA,mbtH_1,fadD,recJ,bsmA,msbA,rfbF
leuA_1,lgrD_2,sphR_1,ycf12,ribF,btuB_1,lhgD
pknD_3,novN_1,sasA_3,aroK,rbn,sasA_4,galE_1
sseA,ppsE,cas1_1,pknD_4,surE_1,tcrA,rfbC
mnmC,mmgC,cas1_2,pknD_5,pheS,pucC,hepA
rcsC_4,tycC_1,cas2,argB,srmB,suhB,arnC_1
glmU,lgrB_2,eriC,pdxH_1,leuA_1,neoA,mshA_1
pyrD,ectB_1,gyrA_1,cugP_1,pknD_2,menA,pstS_1
cobO,grsB_1,lnt,speA_1,sseA,ileS,egtB_1
hisA,tycC_2,cpcS1,ndk,mnmC,ald,rcsC_2
steT,lgrD_3,yjmB,rutE,rcsC_3,pkwA,phoP_1
rlmD_1,mepA_1,gpt,ubiB_1,glmU,purL,patA_1
sphR_1,rhaR_1,ywnH,btuD_2,mshA_1,purF,gph_1
sphS,btuB_1,yjiA_1,emrA_1,pyrD_1,cmpB,yhdG_1
phoU,yfiY_1,pkwA_1,pnp,xylE,cmpC,hemL_1
cysR_1,yheI_1,pyrG,rapA_1,garB_1,nrtA,eriC
COQ3_2,ltrA_1,dgkA,spo0M,garB_2,pacL,pyrE
arnC_1,xerD_2,ybeY,ycf3_1,hisC_1,yrbG,queC
fbiC_1,nhaP2_1,prfB,cheB_2,rcsC_4,eno_1,yceM
yqgN,yhhT_2,gatD,vraR,aroF_1,mgtB,tyrP
fcl,dap_2,ycf3_1,ppk_1,rpsO,pipB,ilvA
gmd_1,rssB_2,arnT_1,hisD_1,glpK,mgtC,iolS_1
mshA_1,todS_2,lyr,rpoC2,chlB,btuD_2,rluB
rnhA_1,phoP_1,sat,rpoC,glnH_1,mshA_1,dps_1
pgsA,lysA_2,uvrB_1,rpoB,rplT,gmd,rhaS_1
aspA,lgrD_4,moaB,dtd3,rpmI,fcl,cbiT
amiC,lgrB_3,dtd,rpsT,psbA3_1,yqgN,mscL
livH_1,cysC_1,yciC_2,btuD_3,comM,fbiC,pyrF
lptB_1,besE,cysS,pds_1,bacC_1,arnC_1,tyrS
btuD_2,camD_1,msmX_1,dnaJ_2,rsmF,cysR,pbpG_1
folD,proC_1,gsiA_1,hspA_1,yqgF,phoU,surE_1
pdxJ_1,acpP_1,alaS,moaC,pipB2_2,sphS,wcaJ_1
gsiA_1,choB,rbgA,cntE,clpS_1,sphR,sigA2_1
glsA1,lgrD_5,sasA_4,rgtE,rne,rlmD,frp
rlpA_1,eryA,pcrA,arcB_1,rnhB,steT,gsiA_1
panC/cmk,rhaS_1,era_1,crtB,mdtC_1,hisA,lipA2
murQ,rfbE_1,sasA_5,pds_2,pheA,pipB2,cheB_1
csm4,rfbJ,vte5_1,phzF,lon2_1,cobO,pknD_4
csm3,rfbG,rmlD,rlpA_1,rpsJ,pyrD,czcR
vdcB,ilvB_1,obg,nagZ,tuf,glmU,iolS_2
rnr_2,linC_1,sir_1,ebrB,fusA_1,rcsC_4,ilvC
clpP_1,tolB_2,upp_1,rcsC_7,rpsG,mnmC,egtD
mobA,yhdN,crtNb,mutL,rpsL,sseA,apcD_1
ilvH,kynA,prsA_1,glpE_1,gltS_1,pknD_1,glnA_1
phhB,kynU,btuD_1,add,walR_1,leuA,COQ5_4
bacC_1,COQ5_1,pknD_1,purA,radA,nadA,fosB_1
scmP_1,pyrG_1,amiB2,ftrV,ptrB,pyrC,cpoB_1
bioD1,cas2b,cobS,qmcA_1,hemE,gpmA,appC
pknD_4,cas1_1,tgt,zur,hpnP_1,der_2,cydB
prs,htpX_1,psbK,purS,slyD,ecfT,cmoA
ybxI,sthA,psbM,purQ,lpd,hpd,hisG
eriC,noc_5,prlC,hflX,sasA_2,ppaX,baiN
rcsC_5,ftsH_4,ileS_1,sasA_5,mprA_1,phoP_2,comB
gyrA_1,cadA_2,pknD_2,cmpR_1,COQ5_2,hisI,mtnB
lnt,fmt_1,gnd,ccmM,moaA_3,hemL,mtnX
phoD_1,bamA_2,btuD_2,ccmL,entS_1,smtA,mtnD
menH_1,pknD_1,mshA_2,ccmK1_1,tyrC,spkB,mrdA_1
xynZ_1,xerC_3,gmd_1,ccmK2_1,pimB,recA,nfuA_1
mprF,sigA2_4,cpoB_2,nuoL_1,thiE,xseA,rcsC_3
sugB,tpl_1,yidD,ndhD1_1,stp_1,xseB,lepA
msmX,sigA2_5,vte5_2,map_1,mprA_2,arnC_2,amtB
pknD_5,carC_1,pncB2,yrdA,yxlF,btuD_3,purE
ydbD,petB_1,nadD_1,psbY,purU,mshA_2,nagA
pknD_6,petD_1,nadE,fpgS,btuD_2,argD,chlM
apaH_1,pvadh,lnrL_1,sctC,algA,kefB_2,amt
COQ3_3,kshA,ycf3_2,hup,ysnE,tal_1,tlyA
fni,eryG,sufB,cobD_1,serA,pspA,era_1
sppA_1,menE_1,sufC,merA_1,prmA,ackA,rcsC_4
dnaG,tdh_1,sufD,btuD_4,carC_2,kynB,bspRIM
amyX,dltA_1,csd,rcsB,dxr,sasA_5,mntB_1
lpdA,nfrA2,copA,perR,sdhA,trpD2,mntB_2
trpC,smc_1,pds_1,dinG,metK_1,carA,bchI
btuD_3,anfK_1,cobQ,htpX_1,ppc,mrnC,bepA_1
gsiC,bchB_1,bcp_1,fbiC_1,psbA1_1,rlmB,ndhD1_1
apt,anfK_2,hisF,phoP_1,mntB_1,menH,mnmG
mtgA_1,bchB_2,ruvB_1,petC1,mntB_2,rcsC_5,phrB
lspA,nifD_1,cpoB_3,petA,typA,pknD_2,rcsC_5
pstC_1,nifH_1,cbbS,hisH,gcvT_1,dnaJ,rcp1_1
pstA_1,nifD_2,cbbL,rsmD,pknD_3,dnaK2,rcsC_6
pstB3_1,nifK_1,panB,mtnW,dhaA_1,pknD_3,rcsC_7
sasA_2,mopII_1,hxlR,hepT,chaB,clcA,moaE
pal_1,dbpA_2,rimM,murI,tenA,rcsC_6,msmX
cmpD_1,rapA_2,cpoB_4,nhaS3_1,lptB_1,lpxD,sugB
gltI,rapA_3,cpoB_5,styA,lptD_1,IMPDH,lnt
zosA,noc_6,queA,ptlI,ftrC,ysdC,gyrA_1
cpdA_1,soj_4,leuC,rnhA,pilT_1,sasA_6,rcsC_8
cysH,xerC_4,leuD1,rpmA,cbs,qmcA,amyX
tycC,sigA2_6,gntK,ribD_1,ilvD,folP,lpdA
sasA_3,cpdA_1,tolR_1,mreB,hcaR_1,tpiA,trpC_1
gdhI,hchA,tolQ_1,ssb,galE,ppsA,btuD_1
fdhD,mcrA_1,ycf3_3,pepA,yheI,pmt,gsiC
cpoB_1,betA_1,psaM,trxA_1,ubiB_1,cph1,apt
sfsA,pytH,PSK,mutS2,recN,rcp1_2,mtgA_1
aldHT,liaR_1,lnrL_2,epsF,dctA,rcsC_7,lspA
yabJ_1,pknD_2,scrK,pilT,dnaE,trmB,pstC
malQ_1,dnaK_1,pknD_3,grpE_1,metH,cpdA,pstA_1
rfaQ,tnsA,pknD_4,dnaK_1,cbiET,dpnM,pstB
ispD,tnsB,sasA_6,dnaJ_3,soxA_1,accC,larE
scpB,hxuB_1,norV_1,rsgA,frr,psbX,rcsC_9
hhoB,yknY_1,birA,sigB_1,pyrH,tolB_1,livH_1
ispG,macB_1,ribE,psbO,resA_1,tolB_2,psaX
gpmB,mdtA_1,menJ,tolB_1,menH_1,ribBA,glsA1
glk,ribF_1,frr,ftsQ,tagU_1,argC,rlpA_1
lysS,prnA,pyrH,ftsZ,rpe,eno_2,panC/cmk
ubiL,tcmN,resA_2,gshB,uvrB,gap1,patA_2
rsxD,yojI_2,menH_1,pknD_6,murB,tal_2,murQ
pcxA_1,menF_2,tagU_1,clpS_1,murC,rcsC_8,ubiX
argF,aroF_2,rpe,rne,nadD_1,rcsC_9,rnr_2
lexA,kmo_1,rgtE,rnhB,gap2,rcsC_10,clpP_1
ispE,tpl_2,arcB,pheA,thiL,rcsC_11,mobA
rsmA,ctcP_1,crtB,lon2_1,ybaB,ligA,ilvH
argG,noc_7,pds_2,rpsJ,btuD_3,kdpD,scmP_1
rpsF,xerC_5,phzF,tuf,prsA_1,kdpC,bioD1
glyA,btuD_1,rlpA_1,fusA_1,prk_1,kdpB,pknD_5
cinA,pkwA_1,nagZ,rpsG,adhA,kdpA,prs
proB,xerC_6,ebrB,rpsL,pcxA_1,panS,pdxJ
betI_1,xerC_7,mutL,gltS,lytC,priA,folD
psaC,soj_5,glpE_2,dxr,psbN,rpoD,livF_1
glmS,noc_8,add,sdhA,psbH_1,petJ,lptB_1
adhA,ltrA_2,purA,yhfK_1,tatA,btuB_2,livH_2
pcxA_2,sasA_5,ftrV,smc_1,pth,pknD_4,amiC
icfA_1,ltrA_3,cbiM_1,sodB,rpsU1_1,man5A,rcsC_10
cpoB_2,zwf1,ecfA3,purM,rsmI,tolB_3,rcsC_11
bpoC,namA,cbiN,susA_1,RBKS,hmp,rhlE_1
amiF,tcrX,czcD,purH,cysQ,truB,macB_1
ald_1,rssB_3,cbiM_2,pknD_7,tolB_1,rihA,pcyA
hisS,isiB_1,ftsP,sasA_6,entS_2,tadA,ecfA2_1
kce,isiB_2,efeU,norV_1,trxA_1,rapA,gatA_1
yjgH,hspA_1,yusV_1,fnr,baiA,cysA,IMPDH_1
allB,dnaK2_1,yfhA,exsA,COQ5_3,modB,pyrB
yfmJ,yvgN,yfiZ,birA,yfcG_2,modA,pmbA
bacC_2,dnaJ_1,mdtA_1,ribE,nemA_1,sphX,tldD_2
pepP_1,clpB1_1,macB_1,menJ,sodB,pstA,iscS_1
COQ3_4,paoB,yknY,frr,purM,pstB3,mutS
dedA,paoC,gph_1,pyrH,egtB_1,hcaB,pknD_6
nit1,pucA_1,queG,resA_1,rcsC_5,mbtH,ydbD_1
coaD,nboR,spoIIAB,menH_2,gfo,mepA,pknD_7
lgt_1,pipB2_1,rssB_1,tagU_2,merA_1,dltA,apaH_1
cbiF,hpnP_1,liaR_1,rpe,recQ_1,tam,arnC_2
rlmN,apcA_1,tagA,uvrB,recQ_2,NA,rpsB
uvrC,rcsC_1,phoD,serA_1,der_1,NA,tsf
divK_1,xamoC,bepR,prmA,ecfT_1,NA,denK
pipB2_1,merA_1,macB_2,rhaS_1,pdxJ,NA,minC
benM,gloB_1,sodB,recF_1,cpoB_3,NA,minD_1
ilvD,petC_1,purM,pacL_1,qorA,NA,minE
rimI,COQ5_2,dapH_1,fabD,cpoB_4,NA,mcrA
gdh_1,pbsA2,pdxH_1,fabH_1,katA,NA,norR
nhaP,hemF_1,bamA_1,plsX,arnT_1,NA,sasA_3
nadC,psbA1,pknD_5,lptC,bsr,NA,smpB
gpsA2,mmaA2,mutS,metG,htrA_1,NA,mprA_1
ftsH2_1,mbtH_2,amiC,rutD_1,pglF,NA,pvuIIM
gltX,yojI_3,livH_1,gltC_1,arnC_1,NA,cynS
yeeZ,menE_2,lptB_1,fetB_1,epsD_1,NA,psaB1_1
dnaJ_1,ppsD,livF_1,fetA,epsL,NA,psaA_1
aroF_1,lgrD_6,folD,ltxD,epsD_2,NA,glsA
leuA_2,lgrB_4,pdxJ,exoA,epsN,NA,resA_1
pucG,dltA_2,gsiA_2,bshA_1,gdx_1,NA,fbiC_1
pknD_7,cmlA_1,glsA1,glpK,strB1,NA,mdtB_1
bamA_1,sbnA_2,rlpA_2,rpsO,hisC_2,NA,macA_1
ycf3_1,sbnB,panC/cmk,aroF_1,mrsA,NA,cpeS2
dgcE,rcsC_2,murQ,tyrC,hdc_1,NA,dfa5_2
bchE,rssB_4,csm4,rcsC_8,cypM,NA,dfa3_2
msrB,arnC_1,csm3,bpoC,ndhI_1,NA,coaX
cpoB_3,arnC_2,ubiX,lgrE,dsbD_1,NA,argH
smc_1,tuaB_1,rnr_1,malT,prlC,NA,larB
djlA,glgA_1,clpP_1,inhA,psbM,NA,ispF
cbs,oppF,ble,mshA_1,psbK,NA,trmD
fdx4,oppD,mobA,queE,tgt,NA,cphB_1
mshA_2,dppC,ilvH,fghA,tolB_2,NA,cphA
arnC_2,dppB_1,scmP_1,glgP_1,era_1,NA,tatAy
COQ5_2,sgrR_1,bioD1,rhlE,cobS,NA,copA
hepA_1,arnC_3,pknD_6,thiL,efeU,NA,yafJ
rfbC,btuB_2,prs,gap2,ftsP,NA,ilvD
hldD,tycC_3,typA,nadD_1,yccU,NA,pipB2_1
lhgD,lgrB_5,ftrC,murC,mdtG,NA,divK
rfbF,asnB_1,lptA,murB,thcB,NA,uvrC
cpoB_4,lgrD_7,lptB_2,speB,yjhB,NA,rlmN
pphC,dltA_3,fda,fabG_1,bioI,NA,cbiF
rcsC_6,dltA_4,lacX,tagO,sspA,NA,lgt_1
pheT,xerC_8,acoA,groL2,dntB,NA,coaD
dpnM_1,aroF_3,lutA,corA,rebD,NA,nit1
trpF_1,lnrJ,tri1,fbp,rebO,NA,ftsH2_1
bcpA,lnrK_2,iscS_1,tal_2,trpD2_1,NA,cpoB_2
sasA_4,avtA_1,sasA_7,zwf2,trpB_1,NA,pyrG
murE,speG,haeIIIM,cbiA,trpA_1,NA,larC
rnd_1,btuD_2,mntA_1,infC_1,trpC_1,NA,yciO
glpE_1,czcR,mntB_2,cas4,menF_1,NA,rbfA
pdxA2,rcsC_3,mntB_3,cas1_2,aroF_2,NA,mamM
petM,mshA_1,arnC_1,cas2_2,rssB_1,NA,saeR
nadK_1,btuD_3,pimB_1,rpsU1_1,pkwA_1,NA,cph1_1
mprA_1,ltxD_1,yhdW,rcsC_9,msrQ_1,NA,rcp1_2
sasA_5,cysL,yhdY,rcsC_10,ruvC,NA,rcsC_12
rpmI,cysK1_1,glnQ_1,rcsC_11,tsaE,NA,guaA
rplT,cymR_1,yhgF,rcp1_2,pyrC_1,NA,menG
glnH,bacA,rip3_1,sasA_7,sipT,NA,rssB_1
pbpE_1,hemL_1,yqeN,liaR_1,rssB_2,NA,qmcA_1
chlB,menE_3,fmt,mrgA,rssB_3,NA,ureC
cobN_1,dltA_5,yciH,sasA_8,rcsC_6,NA,pknD_8
pgk,lgrD_8,trpB_1,nhaP2_1,hisC_3,NA,ilvE_1
pal_2,tycC_4,kmo_1,petB_1,dpnM_1,NA,lip1
trpA,strB1,dps_1,fabG_2,trpF_1,NA,ccmK
ndhL,COQ5_3,carB,plsY,bcpA,NA,ccmK4
larC,menE_4,sigA2_1,mlaE,patA_1,NA,ybhR
yciO,tycC_5,mutY,sppA_1,afsQ1,NA,ybhS
rbfA,cmlA_2,suhB_1,aroH,rcsC_7,NA,btuD_2
mamM,lgrB_6,ureG,pknD_8,auaH_1,NA,crnA
rcsC_7,nrtA_1,pknD_7,pyk_1,lacG,NA,metK_1
cph1_1,cmpC_1,mglA,mshA_2,msrQ_2,NA,uvrA
soj,cmpB_1,slyD,wbbL,gsiC,NA,purM
rnd_2,rssB_5,pdhC,cugP_2,gsiD,NA,sodB
mshA_3,sasA_6,recQ,rfbD_1,gno,NA,aroB
surE_3,ilvB_2,apnhaP,rmlC_1,appA,NA,petL
thrC,accA_1,lpxB,menF,lutA,NA,bioB
moaA_1,ackA_1,lpxA,yggS,ppx,NA,rimJ
ycf3_2,ctcP_2,fabZ,sepF,plqA,NA,selO
ykqA,yknY_2,lpxC,proC,recJ,NA,betI_1
mtoX,acpP_2,bamA_2,gcvT_1,ycf12,NA,phrA
kefB_1,asnB_2,purC,pknD_9,gshA_1,NA,bepG
amyM,accD_1,mgtA_1,iolA,yfhM,NA,auaH_2
PGdx,xpkA_1,ftsH_1,phoD,mtgA_1,NA,mprA_2
phnC,gpmB,fosB_1,bepR,yafP_1,NA,sasA_4
phnD1,trpD2_2,thrB,macB_1,fusA_2,NA,vte5
htpX_1,trpB_2,ndhD1_1,camK,phoD,NA,yidD
murAA,trpA_2,thrS_1,rhaS_2,lnt,NA,qorA
aviRb,trpC_2,sasA_8,COQ5_1,gyrA_1,NA,fcl_1
murT,menF_3,psaD,bacC_1,eriC,NA,garB
cysE_1,aroF_4,trpE,yfmJ,dfa1,NA,rcsC_13
mtnP,ispG_1,icd,allB,dfa5_1,NA,prk_1
sasA_6,dxs_1,malK,hisS,hspA_1,NA,btuD_3
betI_2,cloQ,dhaA_1,ald,ftsH4_1,NA,murB
macB_1,dxr_1,thiO,amiF,prs_1,NA,murC
miaA,vraR_1,smc_1,degA,mfppA_1,NA,nadD_1
gyrB,ispH_1,egtD,queD,ruvA,NA,gap2
rpoD_1,prnD_1,egtB_1,rsxD,bioF_1,NA,thiL
gyrA_2,ord,egtC,liaR_2,rcsC_8,NA,moaA_2
divK_2,prnD_2,metZ,tadA_1,rssB_4,NA,relA_1
cpoB_5,ssuD,proA_1,psaB_1,tylN,NA,mshA_2
mdtA_1,pstB3_1,glyQ,vapC_1,wecD,NA,infC_1
macB_2,pstA_1,bepA_1,hpf_1,ampG_1,NA,btuD_4
ybhR,sphX,araQ_1,lipB,lexA,NA,mrdA_2
ybhS,sbpA_1,apbC,tolB_2,argF,NA,hemA
ybhF,sfnC,ftsW_1,pcrA_1,lpxG,NA,tadA_1
emrA_1,yusV,kefB_1,sasA_9,kce,NA,prcA
yknY_1,yfhA,tuaD,vte5_1,ald_1,NA,grxD
mdtA_2,yfiZ,psaC,yafP,hisS,NA,sphR_1
macB_3,fetA,glmS,bphA3,yfmJ,NA,btuD_5
yknY_2,fetB_1,fpuD,ydhR,yjgH,NA,pipB2_2
gph_1,btuD_4,pcb,crtN_1,bacC_2,NA,clpS_1
queG,proC_2,isiA,yfcG_1,dapL_1,NA,rne
spoIIAB,camD_2,rssB_2,yedK,rcsC_9,NA,rnhB
rssB_1,dltA_6,sasA_9,ycf3_2,cheB_1,NA,pheA
liaR_1,lgrB_7,phoP_1,gatC,cheB_2,NA,lon2
tagA_1,noc_9,phoP_2,yqjG_1,rcsC_10,NA,rpsJ
btuD_4,soj_6,phoP_3,yyaP,gsiA_1,NA,tuf
menH_2,dltA_7,argA,natA,oxyE,NA,fusA_1
bepA_1,rmpA,petC1,nagB,msmX_1,NA,rpsG
apaH_2,rmpB,petA,der_1,srrA,NA,rpsL
vat,sasA_7,yhaV,ecfT_1,arnC_2,NA,gltS
ureE,glgX_1,hisH,hpd_1,relK,NA,dxr_1
ureF,cotA,rsmD,ppaX,yefM,NA,sdhA
tolQ_1,tal_1,petG,phoP_2,bepA_1,NA,ubiB_1
tolR_1,zwf2_1,mtnW,hisI,hemA,NA,recN
merA_1,yidA_1,hepT,hemL,ndhM,NA,cmoM_1
bshA_1,pnpB,murI,spkB_1,yhbO,NA,tolB_1
lgt_2,gdhI,nhaS3_1,recA,narB,NA,tolB_2
nrtB,ymfD,rnhA,xseA,nrtP,NA,psbX
btuD_5,tolB_3,rpmA,xseB,cmpD_1,NA,norW
rpsT,fabG_1,ribD_1,arnC_1,cmpC_1,NA,accC
dtd3,cpnA,mreB,btuD_5,nrtB_1,NA,deoC1
rpoB,macB_2,ssb,mshA_3,nrtA,NA,recO
rpoC,yfiY_2,fabG,COQ5_2,sir_1,NA,mshA_3
rpoC2,yfiY_3,tagO,opuCC,cmpR_2,NA,mftC
hisD_1,btuB_3,groL2,argD_1,trpD,NA,ppsA_1
ppk_1,lgrD_9,corA,kefB_2,glpE,NA,pmt
nreC,tycC_6,rnc_1,tal_3,rnd_1,NA,cph1_2
cheB_1,lgrB_8,iolG_1,pspA,moeZ,NA,rcp1_3
ycf3_3,lgrB_9,rcsC_6,ackA,budB,NA,sasA_5
spo0M,ectB_2,ribD_2,dxs_1,gabD1,NA,trmB
rapA_1,tycC_7,rcsC_7,tolQ_1,cpoB_5,NA,cpdA_3
pnp,panP,aldH1,tolR_1,cpoB_6,NA,acnB
emrA_2,tam_1,cph2,lpd,quiP_1,NA,pgk
btuD_6,dltA_8,yedY1_1,bshA_2,quiP_2,NA,pal_1
ubiB_1,mepA_2,rnjA,lgt_1,purK,NA,trpA_1
rutE,mbtH_3,dapA,nrtB_1,rppH,NA,ndhL
oleB,hcaB_1,asd,relA,COQ5_4,NA,typA
thiO,desA_1,tig,degU_1,merR1,NA,htrA_1
smc_2,avtA_2,clpP_2,sasA_10,susA_1,NA,potB
sodB,acpP_3,clpX,kdpA_1,ybhS_1,NA,potD
divK_3,lgrD_10,clcD,kdpB_1,btuD_4,NA,salL
upp_1,tdh_2,rpsA_1,kdpC_1,purE,NA,psbU
ribA,cmdD,ndoA,lipM,nagA,NA,nucA
rtcA,quiP,crtI_1,ureE,chlM,NA,mhpC
pknD_8,yojI_4,mkl,ureF,egtC,NA,yabJ_1
COQ5_3,ytrE,cysA_1,pknD_10,egtB_2,NA,malQ_1
clpP_2,rhaR_2,purT,ppx,egtD,NA,rfaQ
clpP_3,cntO,sasA_10,plqA,bphD,NA,ispD
arnT_1,yfiY_4,rcp1_2,xynZ_2,thrC,NA,scpB
clcB,pal_1,cph1_1,tagA_1,styA,NA,htrA_2
iscR,trpA_3,capA,cysE_1,arnC_3,NA,ispG_1
cobD_1,ndhL,yqjG_1,iolG_1,rcsC_11,NA,ctpB
pyrR,mshA_2,gatC,oleD,cheR,NA,fusA_2
pknD_9,btuD_5,ycf3_4,mshA_4,cheB_3,NA,cpoB_3
dhmA,bshA_1,yedK,tuaB,rcsC_12,NA,phoP_2
psb28_1,gloB_2,yfcG_1,ndhK1_1,ald_2,NA,icd
trmJ,rplI,bphA3,hspA_2,ctaE_1,NA,malK
htpX_2,dnaB,ppk_1,ftsH4_1,ctaD_1,NA,pknD_9
aspS,COQ5_4,scmP_2,hspA_3,ndhD1_2,NA,spkC
mshA_4,relK,besA,dnaK2_1,ctaA,NA,pknD_10
rfbE,rcsC_4,glgP_1,pkwA_1,ctaB,NA,pknD_11
wecG,thyX,hpnP_1,ydaD,COQ5_5,NA,rcsC_14
xynZ_2,dcd_1,trpS,besA,rtcB,NA,aroK
mshA_5,dcd_2,yitJ,pknD_11,yciC_2,NA,ycf12
susA_1,dcd_3,lolD,scmP_1,kefC,NA,recJ
gph_2,btuR,aaeA,ecfA2_1,norR,NA,COQ5_5
bepA_2,adk_1,pksE_1,mnmE_2,efp,NA,cpdA_4
serC,rph,auaH_1,btuD_6,accB,NA,cysH
moaA_2,pgl,chlN,sphR_1,ziaR_1,NA,mftE
metK_2,bamA_3,chlL,grxD,proS,NA,rssB_2
cheR_1,psaK_1,sppA_1,prcA,rluB,NA,spoIIAA
cheB_2,glnB,fni,tadA_2,psbC_1,NA,grpE_1
rcsC_8,rdgB,COQ3_1,hemA,psbD1_1,NA,iolG_1
cpoB_6,pgcA,apaH_1,ccmK,ycf4,NA,map_1
pstB3_2,COQ5_5,pknD_8,ccmK4,fabF_1,NA,tolB_3
pstA_2,moaA_1,pknD_9,rd,gdhA,NA,hcaB_1
pstS_1,glmS,msmX_2,comB,tolB_3,NA,mshA_4
mtaD,psaC,sugB,ureA,merA_2,NA,mshA_5
ycf3_4,pknJ,bcrA,ureD,acoA,NA,pknD_12
tcrA_1,pknD_3,rcsC_8,lapB_1,lacX,NA,pknD_13
sasA_7,hcaC,sucD,psbA2_1,fda,NA,argB
gshAB,smc_2,fetB,ppc,nit1,NA,ndk
cphB_1,pcrA_1,desV_1,tam_1,pstB3,NA,speA_1
tolB_1,sasA_8,psbF,ccsA,pstA_1,NA,cugP_1
dnaK2_1,pmbA_1,psbE,tilS,pstC,NA,pdxH_1
hspA_1,cpoB_2,norV_2,smc_2,lspA,NA,pds_1
ftsH4_1,rnr_1,ndhC,patA_1,mtgA_2,NA,rssB_3
hspA_2,rpmG,ndhK1,phoP_3,apt,NA,sasA_6
pknD_10,ampG_1,ndhJ,rcsC_12,dppB_1,NA,phoP_3
ndhK1_1,btuB_4,rpsO,betI_1,scmP_1,NA,phoP_4
cysC_2,grsB_2,aroF_1,proB,yfcG_3,NA,dnaJ_1
lapB_1,mbtB,tyrC,cinA,yedK,NA,hspA_1
nhaS3_1,entS_1,uppP,glyA,ycf3_5,NA,moaC
bepE,dnaN_2,rcsC_9,rpsF,gatC,NA,cntE
mdtA_3,dnaA,rssB_3,pgk,yqjG_1,NA,rgtE
tpl,def_1,srpB,pal_1,sasA_3,NA,arcB
hcaC,ctpC,glgP_2,trpA,czcR_1,NA,crtB
cbbY,dhaK,queE,ndhL,pheT,NA,pds_2
galK_1,dhaL,mshA_3,larC,cbiJ,NA,phzF
atzE,sbpA_2,inhA,yciO,cugP_1,NA,rlpA_2
accD,cysT,malT,rbfA,ndhH_1,NA,mutL
pppA,cysW,ndhN,mamM,rsmH,NA,glpE_1
leuB,cysR_1,rplC,saeR,cpoB_7,NA,add
bcrA,sigF_1,rplD,cph1_2,tadA_1,NA,cheY
mdtD,dusA,rplB,soj,prcA,NA,purA
sucD,recF_1,rpsS,rnd_1,grxD,NA,ftrV
fetB,menB,rplV,mshA_5,kdpE,NA,pcrA_2
desV_1,cpoB_3,rpsC,mtoX,btuD_5,NA,rpmI
psbF,proB_1,rplP,kefB_3,sasA_4,NA,rplT
psbE,trxB,rpsQ,amyM,mprA_3,NA,glnH
norV_1,alaC,rplN,PGdx,auaH_2,NA,rcsC_15
ndhC,fgd1,rplX,phnE_1,mdtC_2,NA,chlB
ndhK1_2,treS,rplE,phnC,chqB,NA,vat
ndhJ,cof,rpsH,phnD1,pcxA_2,NA,deaD
rpsO,tenA,rplF,htpX_2,bepE_1,NA,pheS
aroF_2,gfo_1,rplR,murAA,mdtA_1,NA,surE_2
tyrC,rcsC_5,rpsE,aviRb,glgX_1,NA,rbn
uppP,ydcV,rplO,murT,ackA,NA,ribF
sasA_8,egtB_1,secY,cysE_2,gpmA_1,NA,ravA
rssB_2,betA_2,adk_1,mtnP,tal_1,NA,secA
srpB,alaS,infA,sasA_11,walR_2,NA,gdx
glgP_1,rbgA,rpsM,betI_2,cmoB,NA,crtNb_1
fghA,pknD_4,rpsK,macB_2,tolB_4,NA,upp_1
queE,gabD1,rpoA,miaA,ycf3_6,NA,ddpC
mshA_6,budB,rplQ,gyrB,cpcT1,NA,glkA
inhA,glcK,truA,rpoD_1,bdhA,NA,serS
malT,hisD_1,rplM,gyrA_2,phaZ2,NA,sasA_7
tolB_2,sdpR,rpsI,rcsC_13,livQ,NA,btuD_6
lgrE,auaH_1,rpmE,lapB_2,mgtA_1,NA,qmcA_2
selD,lgrD_11,prfA,mdtA_1,auaH_3,NA,folP
queD,pksE_1,murF,macB_3,noc_1,NA,tpiA
pknD_11,acpP_4,ampG,yknY_1,acpP_1,NA,aqpZ_1
tolQ_2,noc_10,phnE,mdtA_2,pksE,NA,pknD_14
tolR_2,oleD,glnQ_2,macB_4,lgrD_1,NA,mshA_6
thf1,mgtA_1,rsfS,yknY_2,auaH_4,NA,rplS
cpcT2,msbA,ettA,gph_1,tolQ_1,NA,nusG
hemF,gchK,mdh,queG,ndhB_1,NA,rplK
apbC_1,minE,ndhO,spoIIAB,argD,NA,rplA
ftsW_1,minD_1,mutM,rssB_1,kefB_1,NA,rplJ
kefB_2,minC,psaE,degU_2,macA_1,NA,rplL
tuaD,denK,mraY,tagA_2,ychN,NA,pknD_15
rhaR_1,inhA_1,purD,btuD_7,yknY_1,NA,pknD_16
rcsC_9,yafJ,sasA_11,menH_3,aldB,NA,ysnE
phoP_1,copA_2,cmpR_1,alr2,gph_1,NA,mtnA
patA_1,tatA_1,ubiB_1,gltA,rpsA_1,NA,dxs_1
smc_3,cphA,prpC,ndhA,psbB_1,NA,hemE
tilS,cphB_1,spkA_1,ndhI_1,dppB_2,NA,tolB_4
ccsA,trmD,anmK,nuoK,betI_1,NA,ptrB
ccmK,ispF,dfa3_1,nadK_1,proB,NA,fitB
ccmK4,larB,dfa5_1,nifB,pip_1,NA,malE
rd,argH,ggt,nifS,fosA,NA,epsJ
comB_1,coaX,moaA_1,nfuA_1,yhgF,NA,crtX
htpX_3,dfa3_1,serC,nifH_1,bepA_2,NA,cmoM_2
tkt_1,pgk,bepA_2,nifD_1,mnmG,NA,ykfA_1
bmrU,psbA3_1,gph_2,nifK_1,murQ,NA,era_2
aroB,phrA,susA_2,nifD_2,patA_2,NA,liaR_1
sodC,cobN_1,xynZ_1,nifK_2,panC/cmk,NA,aroA1
bioB,lpxB_1,tarA,nifW2,rlpA_1,NA,cefD_1
rimJ,arnE,murJ_1,hesA1,glsA1,NA,gldA
selO,cocE,aspS,hesB1,gsiA_2,NA,dapL_1
rhaR_2,pknD_5,htpX_1,fdxH,mgtE,NA,acr3
minE,ydbD,trmJ,ctaB_1,relA,NA,arsC
minD_1,pknD_6,psb28,mopA,moaA_4,NA,chlN
minC,apaH_1,sppA_2,hybD,nrtB_2,NA,chlL
gdhA,arnC_4,aroH,ctaD_1,lgt_1,NA,sppA_1
fabF_1,rpsB,pyk,ctaE_1,bshA_2,NA,fni
ycf4,tsf,mshA_4,fabG_3,entS_3,NA,COQ3_1
psbD1_1,ybhR_1,wbbL,yhhW,bepA_3,NA,phoA
psbC_1,ybhR_2,menF,cobIJ,serC,NA,COQ5_6
pknD_12,ybhS,yggS,cobH,moaA_5,NA,mdh
ydaF_1,ybhF,sepF,sir_1,rpsD,NA,ndhO
pknD_13,emrA_1,proC,cobL,hetR,NA,mutM
sasA_9,pkwA_2,gcvT_1,gdh,gutB_1,NA,psaE
norV_2,dnaG,bepA_3,phoR,tam,NA,ndhD1_2
nemA_1,selU,crcB_1,rcsC_14,COQ5_6,NA,thrB
fnr,moeZ,crcB_2,rcsC_15,glnA,NA,ftsH_1
exsA,purM,nhaP2_1,sufS,apcD_1,NA,mgtA_1
birA,sodB,livQ,dapF_1,tlyA,NA,purC
ribE,aroB,hspA_3,tri1_1,era_2,NA,bamA_2
menJ,petL,mgtA_2,iscS_1,rcsC_13,NA,lpxC
frr,bioB,auaH_2,pknD_12,haeIIIM,NA,lpxA
pyrH,rimJ,acpP_1,tldD_1,prs_2,NA,lpxB_1
tgnD,selO,pksE_2,kinE,pknD_4,NA,htpX_1
tagU_1,acyP,lgrD_1,rcsC_16,bioD1,NA,dinG_1
rpe,csd,auaH_3,hcaR_1,scmP_2,NA,perR
rcsC_10,sufD,ccmK2_1,dfa1,ilvH,NA,petC
ebrB,sufC,hisD_1,dfa5_2,mobA_1,NA,merA_1
nagZ,sufB,nanK,hhoA,clpP_1,NA,cobD_1
rlpA_2,cpoB_4,merR1,hslO,rnr_1,NA,hup
phzF,lnrL_1,pacS,mtcA2_1,ubiX,NA,trmFO
pds_1,nadE,gtaB,nemA,aroK,NA,mtgA_2
crtB,nadD_1,galK,yfcG_2,pknD_5,NA,yafP
arcB,pncB2,leuS,fabG_4,pknD_6,NA,kmo_1
rgtE,uvrB,kefB_2,trxA_2,argB,NA,leuA_1
mutL,serA,recJ,tcrA_1,pdxH_1,NA,prmA_1
glpE_2,prmA,ycf12,sasA_12,sphR,NA,ftsH2_2
add,pknD_7,aroK,rnz,sphS,NA,ltxD_2
purA,pknD_8,trpG,hlyD_1,phoU,NA,btuD_7
ftrV,speH,walR_1,lagD_1,cysR_1,NA,ftsH4
qmcA_1,speE,radA,cobP,priA_1,NA,sfsA
zur,sigA2_7,ycf3_5,hemH_1,eda,NA,aldHT
purS,shc,btuD_3,COQ5_3,dfa3_1,NA,ydeP
purQ,perR,pknD_10,COQ5_4,dfa3_2,NA,rcsC_16
hflX,dinG,pucG,pknD_13,dfa5_2,NA,xerC_1
gshB,htpX_2,pknD_11,hcaB_1,dfa5_3,NA,znuB
ftsZ,ptlI,bamA_3,chaB,sasA_5,NA,ziaR
ftsQ,lpxB_2,dgcE,dhaA_1,fbiC_1,NA,znuC
psbO,lpxA,bchE,psbA1_1,arnC_4,NA,znuA
sigF,lpxC,msrB,purB,COQ3_1,NA,rqcH
rsgA,bamA_4,cpoB_6,smc_3,garK,NA,mshA_7
dnaJ_2,purC,smc_2,uvrC,sasA_6,NA,htpX_2
dnaK_1,mgtA_2,cbs,rlmN,pstS_1,NA,prfC
grpE_1,ftsH_5,mshA_5,cbiF,pipB2_3,NA,hemB
pilT_1,thrB,arnC_2,hemN_1,clcD_1,NA,kefB_1
epsF,ndhD1_1,COQ5_1,pbsA1_1,lrp,NA,bfmBAB
mutS2,yqjG_1,hepA_1,ychF,hpd,NA,secDF
trxA_1,gatC,rfbC,crp,hmgA,NA,secF
resA,ycf3_2,hldD,rcsC_17,acs,NA,bvgS
dnaJ_3,yedK,lhgD,rcsC_18,barS1_1,NA,tsaC
glgC_1,yfcG_1,rfbF,rcsC_19,dnaK_1,NA,prmC
def_1,crtN_1,cpoB_7,ycf3_3,uvsE,NA,menH_1
ftsX,ydhR,pphC,cpoB_1,livF_1,NA,tsaD
aat,bphA3,rcsC_10,pimB,fprB,NA,psaF
rpsN,yafP,pheT,thiE,plsY_1,NA,psaL
thiD,oleB,sasA_12,hcaR_2,rhaS_1,NA,gmk
glgP_2,pacL_1,murE,coaE,glyS,NA,remA
ftsY,recF_2,rnd_1,nasF_2,murD,NA,mraY
nusB,pacL_2,glpE_3,cpoB_2,pdhC,NA,clpB1_1
arnC_3,efeU,pdxA2,rcsC_20,dps_1,NA,gloA
htpG,ftsP,petM,rcsC_21,carB,NA,eno
clpB1_1,cbiM_1,nadK_1,ktrB,sigA2_1,NA,argC
gloA,cbiN,mprA_1,ktrA,mutT,NA,ribBA
mmcR_1,cbiQ,sasA_13,cpoB_3,sasA_7,NA,rcsC_17
betA,ecfA3,rpmI,yjjG,trpB_2,NA,walR_1
ydaF_2,cbiM_2,rplT,ndbB,prfA,NA,patA_3
rhlE,efp,glnH_1,iscS_2,rpsI,NA,patA_4
thiL,accB,chlB,rcsC_22,rplM,NA,ydfG
gap2,smtB,vat,tolB_3,truA,NA,murG
nadD_1,proS,apaH_2,rcsC_23,rplQ,NA,gpmI
murC,kaiB_1,bepA_4,aldH1,rpoA,NA,ybiT
murB,pilT_1,menH_2,cph2_2,rpsK,NA,egtB_2
nrtD_1,sacA,ftsE,yedY1_1,rpsM,NA,rip3_1
ssuC_1,btuD_6,hlyB,aldB,infA,NA,bcpA
ompA_2,mshA_3,hlyD_1,rnjA,adk_1,NA,sasA_8
hypB,mshA_4,ftsH2_1,dapA,secY,NA,murE
hypA,mshA_5,yfcG_2,asd2,rplO,NA,rnd_1
speB,mshA_6,ribH,tig,rpsE,NA,glpE_2
pepA,arnC_5,bphD,clpP_1,rplR,NA,desV_1
prxU,glf_1,ddl,clpX,rplF,NA,fetB
trmL,btuD_7,tolB_1,menH_4,rpsH,NA,sucC
gshA,tagA_1,miaB,clcD,rplE,NA,sucD
acuC,spoVD,rep,rpsA_1,rplX,NA,ycf3_2
uvrA,pcb,rssB_4,pgpB,rplN,NA,hcaB_2
menH_3,isiA,menG,crtI_1,rpsQ,NA,hisD_1
hdc,cysA_1,cesA,mkl,rplP,NA,glcK
ureC,rssB_6,devR,rfaF,rpsC,NA,rnc_1
ureB1,sasA_9,susA_3,mshA_6,rplV,NA,gntK
ureA,phoP_2,divK_1,gmhA,rpsS,NA,cpcT1
ureD,glpK,upp_2,bacC_2,rplB,NA,rhaR_2
lapB_2,rutE,ribA,glnQ_1,rplD,NA,glyQ
cpoB_7,dpnM_1,rtcA,yhdY,rplC,NA,prtS
psbA2,def_2,COQ5_2,yhdW,ndhN,NA,btuF
psbA1_1,ctpF_2,yjcG,mshA_7,kefB_2,NA,trpS
ppc,nhaS2,queF,arnC_2,pknD_7,NA,yitJ
todF,trkA,ccsB,mntB_1,nadC,NA,glgP_1
ilvE_1,sasA_10,dsbD,mntB_2,nhaP,NA,gutB_1
haeIIIM,cusR_2,secA,mntA,crtI_1,NA,gabR
deoC2,pgmB,ravA,bspRIM,psbD1_2,NA,dps_2
recO,COQ5_6,ribF,rssB_2,ecfA1,NA,carB
mshA_7,rtcB,rbn,clpC_1,cefD_1,NA,sigA2_2
recR,rhaS_2,surE_1,relK,hcaB_1,NA,rppH_1
yojI_1,inhA_2,pheS,yedY1_2,comB_1,NA,sasA_9
auaH_1,soj_7,dbpA,yedZ1,nhaP2_1,NA,novR
fabH_1,rnd_1,arnT_2,ppgK,alkJ_1,NA,ysdC
pksE_1,arnC_6,rcsC_11,rimO,rhlE,NA,IMPDH_2
aaeA,thrC,kaiA,crhR,smc_1,NA,walR_2
lolD,moaA_2,kaiB_1,pucC,menE_1,NA,radA
COQ5_4,tal_2,kaiC,suhB_1,menC,NA,btuD_8
yitJ,fldP,rcsC_12,neoA,menA_1,NA,pknD_17
trpS,rcsC_6,rcp1_3,menA_1,pchA,NA,pknD_18
pknD_14,rcsC_7,sasA_14,btuD_8,queG,NA,rimP
lptD_1,rcsC_8,ftsH2_2,mshA_8,gph_2,NA,nusA
psbI,sasA_11,gltX,mshA_9,yknY_2,NA,infB
recQ,purT,btuB_2,gmd_1,macB_1,NA,prsA
pdhC,cysA_2,btuF_1,cpoB_4,mdtA_2,NA,btuD_9
fkpB,rhaR_3,hmuU_1,yidD_2,cpoB_8,NA,hlyD_1
xdhA,fprB,btuD_4,vte5_2,divK_2,NA,surA
lsrA,livF_1,minE,trmJ,gyrA_2,NA,bshA_1
btuD_7,bfce,minD_1,psb28_1,rpoD_1,NA,exoA
pknD_15,pknD_9,minC,pknD_14,gyrB,NA,gltX
lacF_1,glkA,gdhA,ubiD,miaA,NA,thiC
purN,ddpC,ycf4,tpm,macB_2,NA,egtB_3
fosA,upp_1,ecfA1,livF_1,kefB_3,NA,rluE
acnB,crtNb,ubiB_2,fprB,nagB,NA,walK
egtB_3,egtB_2,recN,pipB2_1,glcK,NA,pknD_19
malQ_2,secA,dnaE,lpxG,ybaL,NA,wbgU_1
glgX,ribF_2,pcyA,metH,hisD_1,NA,purD
treZ,rbn,macB_3,argS,pfp_1,NA,sasA_10
hpnP_1,surE_1,ctpF_1,ctaE_2,rhaS_2,NA,cmpR_1
macB_4,pheS,pknD_12,ctaD_2,cmoA,NA,ubiB_2
pcyA,deaD,lptD,ctaA,phoP_1,NA,prpC
dnaE,acsA,psbI,ctaB_2,rcsC_14,NA,spkA_1
dctA,cpoB_5,dapH_2,COQ5_5,ppsA_1,NA,anmK
recN,pcxA_2,trxB,rtcB_1,psbA3_2,NA,tal_1
ubiB_2,adhA,dapL_1,rcsC_24,regX3_1,NA,gap1
sasA_10,rpsU,tenA,rcsC_25,sasA_8,NA,mnmE_2
cph1_2,rpsP,rcsC_13,ligA,bmrU_1,NA,perA
rcp1_1,ffh,ydcV,selO,hslO,NA,mgtA_2
sasA_11,cysG,egtB_2,rimJ,hhoA_1,NA,yojI
rcsC_11,iolC,menE,bioB,crtN,NA,entS_1
polC,mshA_7,ykfB,petL,kdpC_1,NA,trxA_1
petN,rutB,menA_1,aroB,kdpB_2,NA,yfcG_1
ftsH_1,per1,pchA,bmrU,kdpA_1,NA,nemA_1
yidC,sufE,proA_2,tkt_1,sasA_9,NA,nox
rnpA,cobIJ,petC_1,hcnC,degU_1,NA,tmk
rpmH,cobH,rqcH,dhaA_2,cobH,NA,cat
pntAA,sir_1,mshA_6,iolC,yojI_1,NA,choB
pntA_1,rhaS_3,htpX_2,gntK,tolB_5,NA,ycf3_3
pntB_1,ephA,prfC_1,petB_2,yfcG_4,NA,pknD_20
yafJ,trpB_3,hemB_1,petD,minD_1,NA,recQ
chlL,cysO,kefB_3,rsbW,gutB_2,NA,swrC
chlN,xerC_9,bfmBAB,ssrA,sasA_10,NA,mdtA_2
lagD_1,fusA_1,secD,atpG_1,rcp1_1,NA,tcrA_1
hlyD_1,pflA,secF,atpA,rcsC_15,NA,sasA_11
yabJ_2,adhE,sasA_15,atpH,phy,NA,rnz
nadK_2,pat,tsaC,atpF,pcp,NA,moaA_3
nuoK,proA_1,prmC,atpG_2,hisH,NA,htpG_1
ndhI_1,desA_2,menH_3,atpE,rsmD,NA,arnC_3
ndhA,metZ,tsaD,atpB,mtnW,NA,nusB
gltA,pepP_1,psaF_1,apcE_1,prxU,NA,ftsY
alr2,ubiB_1,psaJ,apcA,rcsC_16,NA,tvaII
hemL_1,btuD_8,psaL_1,apcB_1,degU_2,NA,apc3
yhdG_1,dps_1,gmk,apcC,rssB_5,NA,COQ3_2
gph_3,liaR_2,remA,prmC_1,gdhI,NA,apc4
yhdG_2,rcp1_1,wbgU_1,rcsC_26,resA_2,NA,petD_1
patA_2,rcsC_9,pknD_13,rutB_1,yqjG_2,NA,kmo_2
phoP_2,rcsC_10,sasA_16,ftsW_1,yhhT_1,NA,sfmM2
rcsC_12,rcsC_11,rluE,galE,lnrK_1,NA,bepE_2
stp,rpsU1_1,cpcG4_1,yheI,lagD_1,NA,mdtA_3
malP,minD_2,cpcG4_2,ucpA_1,btuD_6,NA,mshA_8
pyk_1,rppH,cpcG2,psbN,fabL_1,NA,ubiL
rcsC_13,ftsH_6,cpcG1,psbH_1,aceB,NA,lysS
rssB_3,thadh,cpcF,tatA,icl,NA,glk
walR_1,kptA,cpcE,pth,thlA_1,NA,gpmB_1
sipT_1,cpoB_6,cpcD,rpsU1_2,phaB_1,NA,btuD_10
pyrC_1,rpsO,cpcC,rsmI,phaE,NA,phnE
fbaB,aroF_5,cpcA,yihV,phaC,NA,queE
aspC,tyrC,cpcB,cysQ,hcaB_2,NA,psaI
purK,uppP,pecF,pstS_1,phaP,NA,psbE
cbiG,rcsC_12,pecE,rpsU1_3,thlA_2,NA,norV_1
ankX,rssB_7,pecC,pmbA,phaB_2,NA,ndhC
yhfK_1,hisF,pccA,tldD_2,mdtD,NA,ndhK1_1
menH_4,ruvB_1,pccB,novN,minD_2,NA,ndhJ
xpkA_1,cpoB_7,rluD,rfbD_2,sat,NA,csm4
pgm,cbbS,patA_1,rmlC_2,vapC_1,NA,csm3
tldD_1,cbbL,nasF_1,rfbA,rpiB,NA,rcsC_18
mtnB,pflB,murJ_2,bshA_3,msrA,NA,rcsC_19
mtnX,mfd_1,tagU_2,mshA_10,desV_1,NA,cheR_1
mtnD,gpmA_1,rfbM,mshA_11,smpB,NA,cheB_2
mrdA_1,dhaA_1,rsmB,asnB,mprA_4,NA,rcsC_20
nfuA_1,hcnC,mtgA_1,mshA_12,pvuIIM,NA,slyD
rcsC_14,bmrU,nudF,COQ3_1,cynS,NA,fbaB
lepA,spkB,cymR,mshA_13,psaB1,NA,acoA
cpoB_8,cmpR_1,cysK1_1,mshA_14,psaA_1,NA,lacX
spkA_1,ccmM,dnaJ_2,mshA_15,glsA2,NA,cbiG
sasA_12,ccmL,mnmA,mshA_16,uppS,NA,pcxA_1
mprA_2,ccmK1,bshA_1,per,resA_3,NA,rsxD
ndhB_1,ccmK2,norR,dapH_1,gltS_2,NA,ettA
msrQ_1,nuoL_1,kefC_1,desV_1,atzE,NA,limC
hisZ,ndhD1_2,lpxG,iolG_2,phoR,NA,crtN_1
dnaJ_4,map_1,metH,fdtC,ctpF_1,NA,COQ5_7
suhB_1,yrdA,argS,btuD_9,rcsC_17,NA,dctA
ureG_1,psbY,ctaE_1,iolS_1,surA_1,NA,dnaE
pipB2_2,fpgS,ctaD_1,petJ_1,hlyD_1,NA,soxA
cpdA_2,mprA_1,ctaA,ttuD,btuD_7,NA,argD
cysK1_1,xfp,ctaB_1,pvuIIM_1,prsA_2,NA,kefB_2
lgrD_1,phoP_3,rtcB_1,nikE,infB,NA,bphA3
tgnB,ppaX,pipB2_1,dppD,nusA,NA,cckA
lgrB_1,hpd,fprB,dppB_1,rimP,NA,cheB_3
lgrB_2,ecfT,livF_2,sgrR,pknD_8,NA,rcsC_21
lgrD_2,der_1,sctC,cntO,pknD_9,NA,nahK
luxA,nagB,fpgS,crtX,btuD_8,NA,bfce
lgrD_3,trpE,psbY,arlR_1,ddpX,NA,bmrU
panP_1,psaD,yrdA,sasA_13,yidD,NA,tkt_1
ppsE_1,sasA_12,map_1,mshA_17,vte5,NA,lnrL_1
pksL_1,thrS,ndhD1_2,bepA_1,nagAb,NA,msrQ
pksL_2,sctC,nuoL_1,ddpC,pncB2,NA,hisZ
ppsE_2,cesA,ccmK2_2,glkA,nadD_2,NA,suhB_1
ppsE_3,sir_2,ccmK1,pknD_15,nadE,NA,ureG_1
tam_1,obg,ccmL,cobS,hutZ,NA,rpoZ
dltA_1,rmlD,ccmM,amiB2,degU_3,NA,hfq
mepA,gcvP,cmpR_2,sodA2_1,htrA_2,NA,dapF_1
mbtH,gcvH,mnmE,ycf3_4,lnrL_2,NA,htpG_2
hcaB_1,gcvT_1,ecfA2_1,fabG_5,tolB_6,NA,COQ5_8
yfiY,psbI,pfp_1,yjiA_1,oleB_1,NA,sasA_12
btuB_1,lptD,cpoB_8,pbsA1_2,glgB,NA,sasA_13
acpP_1,pknD_10,acsA,glmM,yacL,NA,argF
yfiZ,spkA_1,tldD_1,sugA,hemW,NA,lexA
yfhA,ndhB_1,amyX,folB,clpS_2,NA,ispE
yusV_1,mtcA2_1,lpdA,menD,pucG,NA,rsmA
glnQ_1,ndhD1_3,trpC,rayT,tolQ_2,NA,egtB_4
glnP,hcaB_2,btuD_5,pip,tolR_1,NA,egtB_5
efeU,COQ5_7,gsiC,yxaF,paoB,NA,cyc2
ftsP,yhdW,apt,yfcG_3,paoC,NA,hisD_2
cbiM_1,yhdY,mtgA_2,trmFO,pucA,NA,rpoC2
czcD,glnQ_1,lspA,sasA_14,mobA_2,NA,rpoC
cbiN,pdhC,pstB3_1,dasC,ftsH2_1,NA,rpoB
cbiQ_1,mshA_8,sasA_17,accA,pipB2_4,NA,dtd3
ecfA3,htrA_1,pal_1,hcaB_2,lacF_2,NA,rpsT
cbiM_2,rpsU1_2,comM,folE,purN,NA,btuD_11
malK,cph1_1,rsmF,trpF_1,prfB,NA,ppk_1
icd,rcp1_2,ubiL,psaK_1,ybeY,NA,vraR_1
trpE,rcsC_13,lysS,psaK_2,dgkA,NA,rssB_4
psaD,hemH_1,glk,rip3_1,pabA,NA,ycf3_4
sasA_13,COQ5_8,gpmB,hypB,cefD_2,NA,spo0M
thrS_1,cysK1_2,ispG,hybF,spkA_1,NA,rapA_1
ndhD1_1,bioF,htrA_1,hypE,gltX,NA,pnp
thrB,ruvA,scpB,kduD,btuD_9,NA,emrA_1
fosB_1,pip,ispD,hypD,rpsT,NA,queA
ftsH_2,menD,rfaQ,hybG,dtd3,NA,quiP
mgtA_1,folB,bepA_5,hypF,rpoB,NA,cpoB_4
purC,sugA,malQ_2,nfuA_2,rpoC,NA,cpoB_5
bamA_2,auaH_2,tdcF,hydA,rpoC2,NA,aspA
lpxC,fabH_1,aldHT,ldhA,hisD_2,NA,pgsA
fabZ,pksE_2,sfsA,kdpC_2,ppk_1,NA,mshA_9
lpxA,aaeA,cpoB_9,kdpB_2,nreC,NA,gmd_1
lpxB,lolD,kdpC_1,kdpA_2,rssB_6,NA,fcl_2
ytrE,zur,lipM,priA,fusA_3,NA,rcsC_22
phoD_2,sasA_13,phrA,rpoD_2,cpoB_9,NA,metK_2
hisB,nudF,dppB,petJ_2,gmd_1,NA,prk_2
fabI,ndhI_1,sgrR,btuB_1,mshA_2,NA,petH
ntcA,purS,psbB_1,man5A,btuD_10,NA,hom
prtS,purQ,psbT,hmp,tagG,NA,rtpR
btuF_1,hflX,rpsA_2,truB,menA_2,NA,fbp
rcsC_15,yedZ1,gph_3,rihA,cpoB_10,NA,tal_2
rocA,yedY1_1,livF_3,tadA_3,ruvB_2,NA,zwf2
livH_2,yhbO,lnrL_3,osmC,hisF,NA,cbiA
lnrL_1,ndhM,livH_2,pcrA_2,bcp_1,NA,nrgA
livF_1,srrA_2,pipB2_2,rssB_3,cobQ,NA,ispH_1
fusA_1,arnC_7,rocA,menG,pds_1,NA,psbA3_1
cpoB_9,lipA,nadC,cesA,copA,NA,cga
glpK,gpsA,nhaP,tri1_2,pknD_10,NA,mneP
bshA_2,sigA2_8,gdh,sir_2,atpC,NA,gdh
exoA,fur,ilvD,obg,atpD,NA,ctaD_1
hlyD_2,cobN_2,hcaR_1,rmlD,wbgU,NA,ndbB_1
ilvA,rcsC_14,pipB2_3,epsN,gpmA_2,NA,betI_2
araQ_1,nanE,divK_2,rbgA,bshA_3,NA,oxyL
btuD_8,leuC,uvrC,alaS,murG_1,NA,treS_1
mshA_8,leuD,rlmN,recF_2,murG_2,NA,nhaH
arnC_4,rnc_1,cbiF,egtB_1,tuaD_1,NA,ydbD_2
sodA2,wcaJ_1,lgt_1,ydcV,czcR_2,NA,rutD_1
bepA_3,araQ_1,coaD,rcsC_27,mprA_5,NA,mntH_1
glyQ,btuD_9,nit1,gfo,sasA_11,NA,ddl
rluE,ubiB_2,pepP_1,thiC,der_2,NA,psaA_2
sasA_14,trpB_4,xfp,mazF9,tpiA,NA,yfcG_2
pknD_16,yciH,polA,rluE,folP,NA,ycf3_5
wbgU,dps_2,yidA,sasA_15,btuD_11,NA,psaM
purD,carB,spkF,pknD_16,sigA2_2,NA,PSK
sasA_15,sigA2_9,cmpR_3,wbgU,liaR,NA,lacG
menH_5,sasA_14,nuoL_2,purD,era_3,NA,auaH_3
ybiT_1,novR,ndhD1_3,sasA_16,mshA_3,NA,yeeZ
cmpR_1,ysdC,cimA,cmpR_2,ykfA_1,NA,dnaJ_2
ubiB_3,IMPDH_1,thiG,ubiB_2,ugpB,NA,aroF_1
prpC,walR_1,yhdJ,prpC,rcsC_18,NA,egtB_6
spkA_2,radA,garR,spkA_1,phoP_2,NA,ahcY
anmK,btuD_10,yqjG_2,anmK,patA_3,NA,argJ
eis_1,pknD_11,dpnM_1,eis,smc_2,NA,gatB
yhbE,pknD_12,lptB_3,yhbE_1,tilS,NA,recR
dfa3_1,rimP,pgi,yhbE_2,ccsA,NA,pstS_2
dfa5_1,nusA,psbC_1,lapB_3,accC,NA,cysQ
ggt_1,infB,psbC_2,cysC_1,psbX,NA,yihV
cpdA_3,prsA_1,isiB,ctpF_1,tolB_7,NA,rsmI
eis_2,btuD_11,walR_2,gcvT_2,tolB_8,NA,rpsU1_1
rcsC_16,hlyD_1,slyA,gcvH,COQ5_7,NA,pth
undec1A,surA_1,entS_1,gcvP,ribBA,NA,tatA
estB_1,bshA_2,acyP,ndhI_2,argC,NA,psbH
purH,exoA,petF,nudF_2,eno,NA,psbN
susA_2,gltX,nucH,egtB_2,gloA,NA,mtfA
purM,thiC,lacF_1,recG,clpB1_1,NA,menH_2
susA_3,petF_1,pfp_2,tsf,htpG,NA,acuC
bamA_3,nucH,budB,rpsB,ubiL,NA,gshA
devR,lacF_1,gabD1,arnC_3,divK_3,NA,trmL
cesA,rluE,cysG,coaX,rssB_7,NA,prxU
menG_1,sasA_15,cobI,dfa3_2,sasA_12,NA,resA_2
uvrB,pknD_13,cobH,dfa5_3,phoP_3,NA,emrB_1
serA,wbgU,sir_2,sat,ctaE_2,NA,fzlA
prmA,purD,cobL,lyr,ctaD_2,NA,dnaJ_3
ctaD_1,sasA_16,mscS,arnT_1,fdxB,NA,glgC
nhaG,cmpR_2,hcaR_2,cpoB_5,COQ5_8,NA,psbC
mntH_2,ubiB_3,coaE,gatD,btuD_12,NA,psbD1_1
treS_1,prpC,nasF_2,prfB,rcsC_19,NA,ycf4
gnl,htrA_2,cpoB_10,ybeY,mdh,NA,fabF_1
livQ_1,ispG_2,rcsC_14,dgkA,ndhO,NA,gdhA
zupT_1,fusA_2,rcsC_15,trpG,mutM,NA,ybaQ_1
tcrA_2,cpoB_8,ktrB,walR_1,psaE,NA,selU
rcsC_17,spo0F,ktrA,radA,mraY,NA,moeZ
cysA_1,icd,cpoB_11,ycf3_5,remA,NA,ndbB_2
cysL_1,malK,yjjG,btuD_10,gmk,NA,ureA
petJ_1,pknD_14,ndbB,pknD_17,psaL_1,NA,ureD
cbiQ_2,cysH,iscS_2,pknD_18,psaJ,NA,psbA2_1
yyaP_1,cpdA_2,eda,rimP,psaF_1,NA,glgA_1
oxyT,COQ3_1,ftsH3,nusA,tsaD,NA,malQ_2
pbpE_2,ycf12,ilvE_2,infB,menH_2,NA,glgX_1
xerD_1,aroK,btuD_6,btuD_11,prmC,NA,treZ
nrdB,fda,purU,hlyD_2,ywlC,NA,dhmA
yhjQ_1,purK,tatC,surA,rcsC_20,NA,ureB1
yhjQ_2,aspC_1,nadB,aroC,secF,NA,banIM
isiB,fbaB,argH,ghrB_1,secD,NA,cobN
cnrA_1,cph1_2,larB,glgA_1,bfmBAB,NA,lpxB_2
menG_2,rcp1_3,ispF,sasA_17,hemB_2,NA,arnE_1
cysL_2,ydeP,trmD,mtfA,prfC,NA,cocE
psb28_2,sfsA,cphB,rutD_2,htpX_1,NA,mnmA
blh,allB,cphA,menH_5,mshA_4,NA,bcp_1
tcrA_3,bacC_1,tatAy,psbU,rqcH,NA,lysDH
sasA_16,COQ5_9,dnaK_1,salL,znuA_1,NA,crtI
srrA_1,macB_3,crnA,pfp,znuC,NA,psbD1_2
tmoS_1,phoD_2,metK_2,rsmF,znuB_1,NA,ecfA1
rcsC_18,yhhT_3,yhfK_1,bacC_3,dhaL_1,NA,cefD_2
arnE_1,tolB_4,sdhA,comM,dhaL_2,NA,rutB
ppm1_1,btuD_12,gltS,cpcG4_1,dhaK,NA,mshA_10
arnT_2,atpD,dxr,cpcG4_2,sigB_1,NA,cysG
tcrA_4,atpC,algA,cpcG2,dusA,NA,iolC
yvdM,pknD_15,rpsL,cpcG1,rihB,NA,era_3
COQ5_5,mfd_2,rpsG,cpcF,crnA,NA,lacF_1
rtcB_1,opuBA,fusA_1,cpcE,ppgK,NA,slyA
rcp1_2,mshA_9,tuf,cpcD,tatC,NA,emrA_2
rcsC_19,btuD_13,rpsJ,cpcC,hmo,NA,entS_2
guaA,soxA,lon2_1,cpcA,pepE,NA,emrB_2
ychF,dnaE,pheA,cpcB,nfuA_1,NA,glmM
speA_1,dctA,rnhB,pecF,rcsC_21,NA,pbsA1_1
dusB,ribBA,rne,pecE,lepA,NA,yjiA_1
dnaK2_2,argC,clpS_1,pecC,ndk,NA,yhfK_1
adc,eno,pknD_14,pccA,speA_2,NA,smc_2
fdxB,gloA,btuD_7,pccB,cugP_2,NA,yhdG_2
ctaD_2,clpB1_2,sphR_2,rluD,acsA,NA,aat
ctaE_1,mraY,grxD,patA_2,cpoB_11,NA,ftsX
kynB,remA,prcA,zosA,bamA_2,NA,def_2
sasA_17,gmk,tadA_1,gltI,rcsC_22,NA,des
trpD2,psaL,hemA,cmpB_1,rcsC_23,NA,COQ5_9
carA,psaF,potA,cmpC_1,lon2_2,NA,sipS
rsbV,tsaD,potD,cmpD_1,znuA_2,NA,dac
mrnC,menH_1,htrA_2,pal_2,mntB_3,NA,rsmE
rlmB,prmC,mdtC_1,kinB,znuB_2,NA,estA
menH_6,tsaC,mprF,pstB3_1,macB_3,NA,kojP
pal_3,sasA_17,ybhN,pstA_1,pipB2_5,NA,pknD_21
rcsC_20,secF,kimA,pstC_1,upp_2,NA,atzE
pknD_17,secDF,sigA2_2,lspA,crtNb,NA,pdxA2
clpB1_2,bfmBAB,sipT_1,mtgA_2,rnr_2,NA,petM
rsmF,kefB_1,clcA_1,apt,rpmG,NA,nadK_1
bacC_3,hemB_1,walR_3,gsiC,sasA_13,NA,mprA_3
comM,prfC,sasA_18,btuD_12,dnaN,NA,cpoB_6
psbA3_1,htpX_3,mprA_2,trpC,dnaA,NA,crtN_2
htpX_4,mshA_10,auaH_4,lpdA,def_1,NA,cpoB_7
dinG,rqcH,sdhE,amyX,ctpC,NA,CARKD
perR,znuA,acpP_2,ycf3_6,linC,NA,nfi
merA_2,znuC,fabF,dnaG,cpoB_12,NA,COQ3_3
cobD_2,ziaR_2,tkt_1,selU,bioF_2,NA,btuD_12
hup,znuB,sufE,moeZ,hcaB_3,NA,miaB
sctC,gltC,psaK_1,nplT,ugtP_1,NA,yffB
fpgS,rutD,dapB,clpB1_1,ugtP_2,NA,eda
psbY,metG,cbiC,pknD_19,yghQ,NA,dnaK_1
yrdA,lptC,rsmG,rcsC_28,macB_4,NA,uvsE
tam_2,plsX,iolG_2,pal_3,xerC_1,NA,emrA_3
map_1,fabH_2,mshA_7,menH_6,xerD_1,NA,pkwA_1
ndhD1_2,fabD,hepA_2,rlmB,amyM,NA,dnaG
nuoL_1,rip3_1,gloB,mrnC,kefB_4,NA,lptB_2
ccmK2,ureG_1,rplI,carA,ykqA,NA,lptA
ccmK1,hypA,dnaB,trpD2,hemH_1,NA,ftrC
ccmL,hypE,ycf3_6,rcsC_29,arsH_1,NA,mprA_4
ccmM,kduD,infC_1,kynB,ftsH2_2,NA,xfp
cmpR_2,hypD,fgd,merR1_1,lpxB_1,NA,rpsN
sasA_18,hybG,cysK1_2,pacS,cobN_1,NA,nth
mnmE_1,hypF,hemC,bamA_1,phrA,NA,mmpA
ecfA2_1,nfuA_1,glgA_1,pknD_20,mshA_5,NA,pknD_22
wecD,hydA,bcp_2,pucG,ddpC,NA,spkB
ampG_1,kdpB_1,pgl,cphB_1,glkA,NA,cmpR_2
murF,gltI,rph,gshAB,pknD_11,NA,ccmM
scrK,cmpB_2,adk_2,cpdA_2,nahK,NA,ccmL
gntK,cmpC_2,btuR,cysK1_2,czcA_1,NA,ccmK1
mtrA,cmpD_1,dcd,bioI,rcsC_24,NA,ccmK2
leuD1,pal_2,yjiA_2,dntB,mprA_6,NA,nuoL_1
leuC,sasA_18,pbsA1_1,rebD,steT,NA,ndhD1_3
pknD_18,plsY,glmM,aroF_2,yliI,NA,pknD_23
queA,mlaE,purB,rssB_4,puuB,NA,pknD_24
quiP,sppA_1,dhaA_2,lgrD_1,cysC,NA,sir_1
fabG_1,aroH,COQ5_3,tgnB,rcsC_25,NA,cobH
cpoB_10,pknD_16,COQ5_4,lgrB,cbiA,NA,cobIJ
mutS,pyk,hemH_1,lgrD_2,zwf2,NA,sufE
pds_2,mshA_11,lpxD_1,luxA,tal_2,NA,fpgS
cbpA,cugP_1,cobP,lgrD_3,fbp,NA,psbY
hspA_3,rfbD,lagD_1,panP,yhdG_1,NA,yrdA
moaC,rmlC,hlyD_2,tam_2,leuS_1,NA,map_2
cntE,menF_4,rnz,dltA_2,btuD_13,NA,merA_2
rssB_4,yggS,bacC,mepA,queA_1,NA,dapL_2
pcrA_1,sepF,sasA_19,mbtH,sasA_14,NA,crtNb_2
recB,proC_3,tcrA_1,hcaB_3,cmpR_3,NA,yfcG_3
miaB,gcvT_2,mdtA_2,yfiY,ccmM,NA,yedK
ddl,pknD_17,czcA,btuB_2,ccmL,NA,ycf3_6
bphD,rapA_4,hemN_1,yfiZ,ccmK1,NA,gatC
ribH,iolA,hemF_1,yfhA,ccmK2,NA,yqjG_1
psbZ,gshB,psbA3_2,yusV_1,nuoL_2,NA,menH_3
dxs_1,ftsZ,rnd_2,efeU,ndhD1_3,NA,aroE
mtnA,ftsQ,ycf3_7,ftsP,map_1,NA,rcsC_23
pknD_19,tolB_5,actP,cbiM,yrdA,NA,phoP_5
spkC_1,psbO,mnmG_1,czcD,psbY,NA,fmt
rplL,sigF_2,mnmG_2,cbiN,fpgS,NA,yqeN
rplJ,bcrA,rcsC_16,ecfA3,sctC,NA,rihB
rplA,arnC_8,rcp1_4,larMN,vapC_2,NA,argS
rplK,xseB,rcsC_17,malK,hup,NA,lpxD
nusG,xseA,rcsC_18,icd,cobD_1,NA,rcsC_24
secE,recA,moaE,trpE,merA_3,NA,tatC
rplS,glyS,rpoZ,psaD,perR,NA,nadB
mshA_9,murD,glgB,sasA_18,dinG,NA,rimO
pknD_20,rcsC_15,yacL,thrS_1,htpX_2,NA,crhR
der_1,aldH1,hemW,ndhD1_2,garR,NA,pucC
era_1,yedY1_2,clpS_2,thrB,ndhH_2,NA,suhB_2
mdtB,rnjA,hisC,ftsH_1,yqjG_3,NA,neoA
macA,dapA,apc4,mgtA_1,dpnM_2,NA,menA_1
cpeS2,asd,apc3,purC,lptB_2,NA,btuD_13
dfa5_2,tig,menD,bamA_2,pgi,NA,COQ3_4
dfa3_2,clpP_1,folB,lpxC,nusB,NA,mshA_11
coaX,clpX,sugA,fabZ,ftsY,NA,gmd_2
phoA,menH_2,smc_3,lpxA,cutA,NA,pknD_25
arnC_5,bepA_1,dasC,lpxB,hpnP_2,NA,atpC
rpsB,clcD,accA_1,apnhaP,hpnP_3,NA,atpD
tsf,rpsA_1,folE_2,tolB_4,rip3_1,NA,gabT
lptD_2,crtI_1,trpF,phnE_2,yffB,NA,bacC_1
sigX,cysA_3,psaK_2,glnQ_2,surA_2,NA,macB_2
recG,clpC_1,psaK_3,yabJ,hlyD_2,NA,bepR
ndhI_2,narB,rip3_2,malQ_1,btuD_14,NA,phoD
gcvP,nrtP,hypB_1,bepA_2,ftsH3,NA,pknD_26
gcvH,cmpD_2,hybF,rfaQ,ilvE_1,NA,dagK
gcvT_1,cmpC_3,hypE,ispD,rcsC_26,NA,hemC
thrS_2,nrtB_1,hypD,scpB,mprA_7,NA,glgA_2
thrZ,nrtA_2,hybG,hhoB,rcsC_27,NA,aroQ1
trmFO,sir_3,hypF,ispG,pcxA_3,NA,topA_1
yxaF_1,cmpR_3,hydA,gpmB,coaD,NA,ndhB_1
pip,trpD,ahcY,glk,lgt_2,NA,trpB_1
pfp,panD,valS,lysS,cbiF,NA,ubiB_3
cpoB_11,ppa,larE,ubiL,rlmN,NA,btuD_14
acsA_1,ndbB,apcD_1,psaI,uvrC,NA,araQ_1
mshA_10,gph_1,rlmCD,psbF,divK_4,NA,wcaJ_2
mshA_11,ycf3_3,asnS,psbE,ubiD,NA,mfd_1
gph_4,ktrA,phoP_4,norV_2,tpm,NA,metH
rpsA_1,ktrB,groS_1,ndhC,gpmA_3,NA,nadC
psbT,rcsC_16,groL1_1,ndhK1_2,pyrC_2,NA,nhaP2_1
psbB_1,rcsC_17,ruvB_2,ndhJ,ycf3_7,NA,dppB
dppB,cpoB_9,asnO,spkA_2,hdc_2,NA,cpoB_8
htrA_1,nasF_1,ycf3_8,ndhB_1,potE,NA,pknD_27
degU_1,coaE,moaA_2,gabD1,pyrF,NA,sgrR
choB,hcaR,kmo_2,budB,tyrS,NA,psbB
dapF_1,tldD_1,ftsH4_1,hlyD_3,pbpG,NA,psbT
mnmG,iscS_1,rluB,lagD_2,sipS,NA,rpsA_1
rcsC_21,tri1,dps_2,chlN,tuaD_2,NA,gph_2
rcp1_3,ndhB_2,rhaS,chlL,kefB_5,NA,dnaJ_4
rcsC_22,dapF_1,cbiT,sppA_2,ftsW_1,NA,clpP_2
rcsC_23,cutA,udg,fni,apbC,NA,clpP_3
moaE,yhgF,pyrF,COQ3_2,hemF,NA,arnT_1
splG,ftsY,tyrS,apaH_1,spoIIAA,NA,clcB
rpoZ,nusB,pbpG,pknD_21,cpcT2,NA,iscR
glgB,htpG,sipT_2,pknD_22,thf1,NA,cobD_2
yacL,gumI,ycf3_9,rsmA,tolR_2,NA,pyrR
hemW,hisS,eryG,ispE,tolQ_3,NA,pknD_28
clpS_1,ald_1,dnaE2,lexA,gatA,NA,dhaAF_1
hisC,amiE,gatA,argF,dnaE1,NA,tpm
apc4,hslO,clpC_1,pcxA_1,ftsW_2,NA,ubiD
apc3,mtcA2_2,mshD,ybaB,sasA_15,NA,rimM
menD,mdtA_2,lysA,smc_4,COQ5_9,NA,rapA_2
folB,bepE,dacA,djlA,apcC,NA,hemL_2
sugA,ppk_1,ispU,cbs,apcB_1,NA,hisI
glmM,vapC_1,dnaJ_3,fdx4,apcA_1,NA,phoP_6
pbsA1_1,spkF,hisZ,mshA_18,apcE_1,NA,ppaX
yjiA_1,cmpR_4,msrQ,arnC_4,comB_2,NA,hpd
dcd,nuoL_2,ndhB_1,COQ5_6,atpB,NA,ecfT
btuR,ndhD1_4,mprA_3,hepA_1,atpE,NA,der_1
adk_1,sasA_19,sasA_20,rfbC,atpG_1,NA,nagB
rph,kaiC_1,spkA_2,hldD,atpF,NA,trpE
pgl,cimA,thrS_2,lhgD,atpH_1,NA,psaD
tkt_2,thiG,trmFO,rfbF,atpA,NA,sasA_14
fabF_2,yhdJ,gcvT_2,cpoB_6,atpG_2,NA,thrS
acpP_2,garR,gcvH,pphC,ssrA,NA,sctC
sdhE,yqjG_2,gcvP,rcsC_30,rsbW,NA,cesA
sasA_19,lptB_1,ndhI_1,pheT,petD,NA,sir_2
mprA_3,pgi,recG,dpnM_1,petB_1,NA,obg
auaH_2,gntK,tsf,trpF_2,cpcS1,NA,rmlD
mdtC_1,hemH_2,rpsB,Dml,yagG,NA,gcvP
htrA_2,rocA,arnC_3,sasA_19,gpt,NA,gcvH
potB,rbsK,coaX,murE,sasA_16,NA,gcvT_1
potD,cugP_2,dfa3_2,rnd_2,rcp1_2,NA,rcsC_25
potA,ilvB_3,dfa5_2,glpE_2,cph1_1,NA,rcsC_26
mrdA_2,entS_2,cpeS2,pdxA2,ywnH,NA,rcsC_27
hemA,wecD,macA,petM,nifS,NA,dhaAF_2
tadA_2,ampG_2,mdtB,nadK_2,nfuA_2,NA,csaA
prcA,murF,pknD_15,mprA_1,nifH,NA,cmpA
grxD,prfA,mshA_8,sasA_20,nifD_1,NA,cmpB_1
sphR_2,rpmE,rplS,rpmI,nifK_1,NA,cmpC_1
btuD_9,rpsI,secE,rplT,nifD_2,NA,cmpD_1
tolB_3,rplM,nusG,glnH,nifK_2,NA,bicA_1
pknD_21,truA,rplK,chlB,nifW2,NA,bicA_2
clpS_2,rplQ,rplA,vat,hesA1,NA,nhaS3_2
rne,rpoA,rplJ,apaH_2,hesB1,NA,hutZ
rnhB,rpsK,rplL,bepA_3,fdxH,NA,yajO
pheA,rpsM,pknD_16,mshA_19,cyoE,NA,dps_3
lon2,infA,mtnA,mshA_20,ctaB1,NA,spkA_2
rpsJ,adk_2,dxs_1,trmR_2,mopII,NA,pknD_29
tuf,secY,hemE,ctpF_2,hybD,NA,lptD
fusA_2,rplO,ptrB,pknD_23,ctaD_3,NA,psbI
rpsG,rpsE,ugpB,lptD,ctaE_3,NA,livQ_1
rpsL,rplR,ykfA,psbI,hydA,NA,hcaD
gltS,rplF,era_2,thrS_2,nfuA_3,NA,fabG_1
sufE,rpsH,liaR_2,envC,hypF,NA,gnl_1
psaK_1,rplE,aroA1,arlR_2,hybG,NA,adh
dapB,rplX,cefD,dapL_1,hypD,NA,ydaP
cbiC,rplN,gldA,gldA,hypE,NA,gnl_2
rsmG,rpsQ,dapL_2,cefD_1,hybF,NA,gltC
iolG_1,rpmC,cadI,hemB_1,hypB_1,NA,rutD_2
mshA_12,rplP,sphX_2,yciC_1,nifB,NA,metG_1
hepA_2,rpsC,acr3,pipB2_2,ykuD,NA,lptC
bshA_3,rplV,arsH,lacF_1,mscS_1,NA,mazE6
gloB,rpsS,arsC,purN,cefD_3,NA,mazF6
rplI,rplB,rnc_2,fosA,oxyL,NA,plsX
ycf3_5,rplD,dnaJ_4,acnB,hcaC,NA,fabH_2
infC_2,rplC,clpP_3,btuD_13,pyrG,NA,fabD
fgd,ndhN,clpP_4,COQ3_3,ftsH_1,NA,per1
cysK1_2,bicA_1,arnT_3,nfi,pknD_12,NA,pknD_30
hemC,araQ_2,clcB_1,cysC_2,xylB,NA,ileS
glgA_1,psbV,iscR,cysC_3,rcsC_28,NA,prlC
bcp_1,petE,cobD_1,gerN,ecfA2_1,NA,psbM
dxr,petJ_1,pyrR,kefB_4,larMN,NA,psbK
sdhA,pknD_18,pknD_17,yadH,ecfA3,NA,tgt
yhfK_2,pkwA_3,dhaAF,estP,cbiQ,NA,cobS
aatB,pknD_19,cas4,lacF_2,cbiN,NA,barS1
metK_3,gpt,infC_2,rpsU1_4,cbiM,NA,amiB2
mftE,yjmB,cbiA,glsA,mglA,NA,sdhE
uvsE,cpcS1,zwf2,psaA_1,rcsC_29,NA,acpP_1
dnaK_2,petB_2,tal_1,psaB1_1,dauA,NA,fabF_2
eda,petD_2,fbp,cynS,divK_5,NA,tkt_2
ssuC_2,rsbW_1,nrgA,pvuIIM_2,rocA,NA,pkwA_2
ompA_3,moeA,hxuB,mprA_2,mprA_8,NA,ssrA
ftsH3,ywnH,pmbA,smpB,actP,NA,atpG_1
ilvE_2,araQ_3,tldD_2,sasA_21,ycf3_8,NA,atpA
trmR_2,accA_2,novN,desV_2,rnd_2,NA,atpH
dltA_2,fabG_2,rfbD,msrA,ankX,NA,atpF
mmcR_2,folE,rmlC,pknD_24,yhfK,NA,atpG_2
btuD_10,trpF,rmlA,rffG,ldhA,NA,atpE
purU,psaK_2,mshA_9,fdhD,menH_3,NA,atpB
btuD_11,psaK_3,mshA_10,cpoB_7,xpkA_1,NA,apcE
tatC,kefB_2,mshA_11,sfsA,pgm,NA,apcA
nadB,yqjG_3,asnB,pstS_2,hlyD_3,NA,apcB
argH,estP,mshA_12,pstC_2,btuD_15,NA,apcC
larB,lacF_2,tam,pstA_2,prsA_3,NA,cpdA_5
ispF,resA_1,dltA_2,pstB3_2,panB,NA,sigK
trmD,glsA,mepA,rqcH,cbbL,NA,ftsW_1
cphB_2,psaA_1,mbtH,mshA_21,cbbS,NA,galE_2
cphA,psaB1,hcaB,htpX_3,ykfA_2,NA,yheI
tatAy,cynS,pstB3_2,prfC,gtaB,NA,hemN
cph2_1,pvuIIM,pstA_2,hemB_2,galK_1,NA,pbsA1_2
ybiT_2,mprA_2,sphX_3,kefB_5,leuS_2,NA,vldW
rcsC_24,smpB,modA,bfmBAB,ynhG,NA,ychF
cheB_3,sasA_20,modB,secD,livH_1,NA,speA_2
cheR_2,norR,cysA_2,secF,selD,NA,ackA
rcsC_25,mcrA_2,glgX_2,sasA_22,lgrE,NA,dnaK2_1
rcsC_26,entS_3,tadA_2,tsaC,btuD_16,NA,dusB
lnrL_2,fabG_3,rihA,prmC_2,fdtC,NA,mlaE_1
PSK,yjiA_1,truB,menH_7,arnE,NA,mazG
psaM,pbsA1_1,kdpB_1,tsaD,iolG_2,NA,sasA_15
ycf3_6,glmM,ytaF,psaF_1,desV_2,NA,rcp1_4
yfcG_1,rsmF,kdpB_2,psaL_1,fmt_1,NA,sasA_16
hemE,bacC_2,egtB_3,gmk,galE1,NA,rcsC_28
ptrB,comM,kdpB_3,remA,arnB_1,NA,clpB1_2
malE,psbA3_2,teaD,mraY,mshA_6,NA,glgX_2
ykfA,cpcG4_1,bicA_1,psaE,mshA_7,NA,dxs_2
era_2,cpcG4_2,sasA_21,mutM,mshA_8,NA,ftsP
liaR_2,cpcG2,nhaP2_2,ndhO,mshA_9,NA,efeU
aroA1,cpcG1,petB_1,mdh,mshA_10,NA,pacL_1
cefD_1,cpcF,nifJ_1,btuD_14,COQ5_10,NA,recF
gldA,cpcE,psaL_2,ephA,rcsC_30,NA,pacL_2
dapL_2,cpcD,psaB,COQ5_7,ompR_1,NA,ald_1
aqpZ,cpcC,psaA_1,ettA,patA_4,NA,cpoB_9
arsC_1,cpcA,phoP_5,rsfS,pip_2,NA,lnrL_2
rnc_1,cpcB,sasA_22,aldHT,rpsU1_2,NA,nadE
dnaJ_5,pecF,rssB_5,ycf3_7,tolB_9,NA,nadD_2
yjcG,pecE,chlF,ftsX,cetB,NA,pncB2_1
smc_4,pecC,psbA1,def_1,clpP_2,NA,uvrB
purB,pccA,apcD_2,glgC,clpP_3,NA,ycf3_7
dhaA_1,pccB,apcB_1,dnaJ_4,dnaJ_1,NA,serA
chaB,rluD,apcD_3,resA_2,rnc_1,NA,prmA_2
hcaB_2,patA_1,apcE_1,prxU,arnT_2,NA,hdc_1
pknD_22,nasF_2,apcD_4,trmL,clcB,NA,ureC1
COQ5_6,cbiX,psbD1,gshA,iscR,NA,pknD_31
COQ5_7,murJ,psbC_3,acuC,cobD_2,NA,pknD_32
hemH_1,tagU_1,psbB_2,alkJ,pyrR,NA,speH
cobP,manC1,psbH_1,ydaF,rsmE,NA,speE
lagD_2,rsmB,psaF_2,srpB_1,sir_2,NA,sigA2_3
hlyD_3,mtgA_2,crtN,purK,tri1,NA,shc
rnz,folK,hhoA,ftsH3,dps_2,NA,pucG
sasA_20,act,hslO,ilvE_1,sasA_17,NA,pknD_33
tcrA_5,cymR_2,lgrE,trmR_3,nhaP2_2,NA,bamA_3
rnd_3,cysK1_3,selD,btuD_15,petB_2,NA,tolB_5
ycf3_7,dnaJ_2,hfq,purU,cbiL,NA,frbC
actP,gabR,dapF,btuD_16,petJ_1,NA,cysE_1
qorA,trpS,qorA,potB,petE,NA,COQ5_10
sasA_21,yitJ,garB,potD,psbV,NA,sasA_17
walR_2,glgP_1,queD,potA,araQ_1,NA,actP
garB,gutB_1,hemB_2,lip1,lacF_3,NA,ycf3_8
phoP_3,iscS_2,yciC_3,ilvE_2,accD,NA,rnd_2
rcsC_27,regX3_1,aroF_2,crtI_2,leuB,NA,psbA2_2
pleD_1,rcsC_18,dnaJ_5,lysDH,hflX,NA,ttuD
rssB_5,hyuE,yeeZ,bcp_1,gshB,NA,mshA_12
moeA,pknD_20,kdpC_2,rhaS_3,ftsZ,NA,mshA_13
pknD_23,sasA_21,kdpD,azoR1_1,ftsQ,NA,hcaB_3
pkwA_1,modA,ligA,fur_1,tolB_10,NA,psaB1_2
pknD_24,btuD_14,rcsC_19,todB,psbO,NA,glf
spkB_2,glcP,rcsC_20,xerC_1,sigB_2,NA,arnC_4
petJ_2,rbsA,rcsC_21,map_2,psaI,NA,btuD_15
petE,rfuC,rcsC_22,iolG_3,psbF,NA,arnC_5
psbV,glf_2,tal_2,rssB_5,psbE,NA,mshA_14
araQ_2,mshA_12,gap1,cysA_2,norV_1,NA,arnC_6
btuF_2,btuD_15,eno,cymR_2,ndhC,NA,mshA_15
yusV_2,mshA_13,argC,cysK1_3,ndhK1,NA,mshA_16
hmuU,arnC_9,ribBA,cynR,ndhJ,NA,sipP
bicA_1,mshA_14,tolB_2,namA,nadA,NA,pyrC_1
ndhN,mshA_15,tolB_3,ccmK1_2,rpsA_2,NA,rcsC_29
rplC,sipP,psbX,hemE_1,clcD_2,NA,smc_3
rplD,pyrC_1,accC,divK_1,nox,NA,cysL
rplB,rcsC_19,cpdA_1,dauA,ydjP,NA,cbs
rpsS,smc_3,trmB,apbC_1,clpX,NA,fdx4
rplV,cbs,pacL_1,fosX,clpP_4,NA,polA
rpsC,polA,hmp,gloB_1,tig,NA,yidA
rplP,yidA_2,man5A,pipB,asd,NA,hhoA
rpsQ,pstS_1,pknD_18,yfcA_1,dapA,NA,betI_3
rplN,xerC_10,btuB_3,ucpA_2,rnjA,NA,pimB
rplX,scmP_1,petJ_1,yieH,yedY1_1,NA,COQ3_5
rplE,besA,rpoD_1,tdh,aldH1,NA,ccsA
rpsH,ydaD,priA,aam,rcsC_31,NA,cinA
rplF,srkA,kdpA,rhdA,ureC,NA,proB
rplR,tolQ_1,kdpB_4,pyrE_1,ureB1,NA,betI_4
rpsE,tolR_1,glgA_2,yajO_1,ureA,NA,ghrB
rplO,merA_2,aroC,COQ3_4,ureD,NA,aroC
secY,bshA_3,surA,gph_2,groL1_1,NA,ada
adk_2,lgt_1,hlyD_3,cpcB3,groS_1,NA,gdhI
infA,nrtB_2,btuD_8,cpcA2,rssB_8,NA,sasA_18
rpsM,yjiA_2,prsA_2,atsK,cysW_1,NA,bcrA
rpsK,uvrA,infB,ntaA,cysT_1,NA,sigF
rpoA,lagD,nusA,ybdL,sbpA_1,NA,psbO
rplQ,hlyD_2,rimP,entS_1,asnS,NA,tolB_6
truA,carC_2,pknD_19,drrA,rlmCD,NA,ftsQ
rplM,acuC,spkB_1,fabL,apcD_2,NA,ftsZ
rpsI,gshA,pknD_20,quiP,purL,NA,gshB
rpmE,trmL,pkwA_2,queA,purF,NA,iolA
prfA,prxU,pknD_21,spkB_2,besA,NA,rapA_3
hcaR_1,resA_2,moeA,leuC,ydaD,NA,pknD_34
coaE,dnaJ_3,yafJ,leuD1,rsmG,NA,gcvT_2
nasF_1,glgC,pntB_1,mtrA,rapA,NA,proC_1
cpoB_12,def_3,pntA_1,cpcS1,galK_2,NA,sepF
rcsC_28,ftsX,pntAA,yjmB,cbbY,NA,yggS
rcsC_29,aat,rpmH,gpt,COQ2,NA,rmlC
ktrB,rpsN,rnpA,ywnH,rssB_9,NA,rfbD
ktrA,nth,yidC,rlmD_1,rsbV,NA,cugP_2
cpoB_13,mmpA,ftsH_2,steT,kinE,NA,mshA_17
yjjG,serS,tgnD,hisA,lnrL_3,NA,pyk_1
ndbB_1,sasA_22,psbU,pyrE_2,livF_2,NA,pknD_35
iscS_1,yqeN_2,salL,queC,gpmB,NA,aroH
typA,fmt_2,htpX_3,yceM,glk,NA,sppA_2
pilT_2,phoP_4,dinG,vapC_2,apnhaP,NA,mlaE_2
ftrC,rcsC_20,perR,mopII,yajO_1,NA,plsY_1
lptA,aroE,sthA,nifK_3,lpxB_2,NA,fabG_2
lptB_2,menH_3,cobD_2,nifD_3,lpxA,NA,sasA_19
tolB_4,merA_3,hup,nifH_2,lpxC,NA,pal_2
ecfA2_2,dapL_1,psbC_4,nifD_4,bamA_3,NA,cmpD_2
mshA_13,argD,thf1,bchB_1,purC,NA,cmpC_2
mshA_14,kefC_1,cpcT2,anfK_1,mgtA_2,NA,cmpB_2
tolB_5,pyrG_2,hemF_2,vnfD,ftsH_2,NA,gltI
ybaB,ycf3_4,ilvA,anfK_2,thrB_1,NA,kdpB_2
egtD,ruvB_2,hisB,nfrA2,ndhD1_4,NA,fda
ilvC,soj_8,fabI,fbpC,thrS_1,NA,purK
iolS_1,ilvE,ntcA,tupB,sasA_18,NA,hdc_2
mprA_4,lip1_1,smc_4,tupA,psaD,NA,sasA_20
hisG,ccmK,prtS,frbC_1,trpE,NA,rcp1_5
cmoA,ccmK4,btuF_2,ctaE_3,pipB2_6,NA,rcsC_30
norM,psbC,rcsC_23,ctaD_3,purQ,NA,kaiC
rhaR_3,psbD1_1,panP,bchB_2,purS,NA,kaiB_1
cydB,ycf4,lgrD_2,tal_4,zur_1,NA,rcsC_31
appC,fabF_1,luxA,ddpX,qmcA,NA,arnT_2
ephA,gdhA,lgrD_3,cobK,ftrV,NA,liaR_2
rhaS_1,cefD_1,lgrB,cbiD,purA,NA,pknD_36
recF,ecfA1,lgrD_4,rpiA,rcsC_32,NA,pyrH_1
pacL_1,psbD1_2,btuB_4,sodA2_2,add,NA,aspC_1
fabD,crtI_2,yfiY,rsmG,mutL,NA,acsA
fabH_2,lysDH,pgsA,cbiC,nagZ,NA,cpoB_10
plsX,bcp_1,aspA,dapB,rlpA_2,NA,icfA_1
lptC,mnmA,dpnM_2,psaK_3,phzF,NA,pcxA_2
metG,rnd_2,rcsC_24,sufE,pds_2,NA,adhA
rutD_1,actP,livH_3,yjiA_2,crtB,NA,acyP
gltC_1,smc_4,rsmH,pkwA_2,tadA_2,NA,csd
hlyB_1,tdh_3,ndhH,pyrG,lnrK_2,NA,sufD
hlyD_4,tolQ_2,bchI,opuCD,tcrA_1,NA,sufC
ftsH2_2,tolR_2,cusR,opuBA,sasA_19,NA,sufB
dac,thf1,sasA_23,phoP_4,cbiX,NA,mfd_2
rsmE,cpcT2,yfcG_3,groS_1,kojP,NA,xerC_2
estB_2,rsbV,trxA_1,groL1_1,rssB_10,NA,cysO
kojP,hemF_2,thiE,ruvB_1,ampG_2,NA,trpB_2
sasA_22,apbC,rutB_1,asnO,ftsH4_2,NA,pdhC
pgaC,ftsW_1,cocE,ycf3_8,apcA_2,NA,epsL
gpmI,ecfA2_1,surE_2,mftC,polC,NA,epsD
hcaB_3,ruvC,rcsC_25,iscA,ftsH_3,NA,mshA_18
hrcA,tsaE,glyS,pds_3,gltI_1,NA,epsF_1
glpE_3,der_2,murD,cobQ,cmpB_1,NA,pglF
dapH_1,lpxG,mshA_13,bcp_2,cmpC_2,NA,htrA_3
rssB_6,frbC_1,mshA_14,hisF,cmpD_2,NA,rpsU1_2
ompR,cysE_1,sigK,ruvB_2,pal_1,NA,msbA
rcsC_30,COQ5_10,cysK,cpoB_8,sasA_20,NA,tolQ_1
pdxH_1,hhoA,tcrA_2,cbbS,tolB_11,NA,tolR_1
bamA_4,mshA_16,sasA_24,cbbL,pmbA_1,NA,merA_3
pknD_25,thiE,htpX_4,panB,rcsC_33,NA,bshA_2
dasC,dxs_2,mshA_15,hxlR,rcp1_3,NA,lgt_2
accA,glgX_2,mshA_16,crtI_3,cph1_2,NA,nrtB
hcaB_4,clpB1_3,mshA_17,galK_1,rcsC_34,NA,yjiA_2
folE,rcsC_21,arnC_4,cbbY,rpsU1_3,NA,tuaD
trpF_2,sasA_23,mshA_18,ndhI_3,tal_3,NA,ctaD_2
psaK_2,rcp1_4,hepA_3,hcaC,sasA_21,NA,ctaE_1
psaK_3,sasA_24,mshA_19,acs_1,mazF9_1,NA,fabG_3
rip3_1,mazG,mshA_20,hmgA,rutB_1,NA,yhhW
ureG_2,petC_2,fadN,hpd_2,cocE,NA,ndhB_2
hybF,proA_2,fadA,lrp,modA,NA,mtcA2_2
hypE,ilvB1,fadE,COQ5_8,btuD_17,NA,ndhD1_4
hypD,fabH_3,pntA_2,rhaS_4,rssB_11,NA,ycf3_9
hybG,linC_2,pntB_2,cotA,sasA_22,NA,livQ_2
hypF,tolB_6,rpoD_2,mdtA_3,phoP_4,NA,mgtA_3
nfuA_2,lgrE,tolB_4,bepE,phoP_5,NA,auaH_4
hydA,yjlD,dnaK_2,nhaS3_2,cbiD,NA,noc_1
ldhA,bpoC,tolB_5,rcsC_31,arnT_3,NA,acpP_2
ydfG,livH_1,minD_2,iolS_2,rcsC_35,NA,pksE_2
murG,lptB_2,yojI_1,azoR1_2,kaiA,NA,lgrD_1
argD_1,livF_2,cpcT1,rhaS_5,kaiB_1,NA,auaH_5
ubiB_4,rpe,prk_2,frbC_2,kaiC,NA,clpP_4
lnrL_3,tagU_2,CARKD,cysE_3,mprA_9,NA,walR_3
tolB_6,todF,mazF,cymR_3,hisG,NA,hcaR_2
menH_7,resA_3,efp,srpB_2,frp,NA,dfa1
icfA_2,pyrH_1,accB,yfcA_2,cydB,NA,dfa5_3
cmpA,frr,ziaR_2,novR_1,cydA,NA,hcaE
cmpB_1,menJ,proS,ssuD_1,eryB,NA,hisS
cmpC,ribE,kaiB_2,ssuA_1,nhaS3_1,NA,ald_2
cmpD_2,birA,sacA,metP,bicA,NA,amiE
bicA_2,rhaR_4,btuD_9,metN,cmpD_3,NA,rcsC_32
nhaS3_2,nemA_1,mshA_21,sfnG_1,cmpC_3,NA,ykfA_2
hutZ,norV_1,mshA_22,ghrB_2,cmpB_2,NA,ruvC
yajO,sasA_25,mshA_23,serA_2,cmpA,NA,menF_1
dps_1,mshA_17,mshA_24,tas,yedZ1,NA,tsaE
yhhW,mshA_18,arnC_5,ssuA_2,yedY1_2,NA,der_2
tolB_7,CARKD,glf,ssuB,COQ5_11,NA,lpxG
pksL_3,rcsC_22,mshA_25,sfnC,moeA,NA,sasA_21
ctaE_2,cheB_1,arnC_6,ssuC,azoR1,NA,norV_2
ctaD_3,cheR_1,btuD_10,sfnG_2,mshA_11,NA,nemA_2
hybD,rcsC_23,spoVD,soxC,btuD_18,NA,fnr
mopII,rcsC_24,adhA,sbpA_1,arnC_5,NA,rhaR_3
ctaB_1,hemN,clpB1_1,sphX_2,groL2,NA,birA
fdxH,pbsA1_2,ybhR,pstA1,tagO,NA,ribE
hesB1,ttuD,ybhS,pstB3_3,fabG_1,NA,menJ
hesA1,vldW,ybhF,ssuD_2,speB,NA,frr
nifW2,ychF,cbpA,ssuE,hypA,NA,pyrH_2
nifK_1,speA_1,dnaK2_2,rutB_2,hypB_2,NA,todF
nifD_1,rsfS,hspA_4,cocE,ompA_1,NA,tagU_1
nifK_2,psaA_2,rssB_6,surE_1,ssuC_1,NA,rpe
nifD_2,yfcG_2,sasA_25,wcaJ,nrtD_1,NA,livF_2
nifH,ycf3_5,tcrX,sigA2_2,uvrA,NA,lptB_3
nfuA_3,psaM,phoP_6,QRSL1,rcsC_36,NA,livH_3
nifS,PSK,clcB_2,IMPDH_1,metK_2,NA,bpoC
nifB,lnrL_2,hpf_1,pyrB,prk_2,NA,lgrE
tolB_8,vapC1,guaB,pcyA,petH,NA,tolB_7
psaA_1,ybaQ,zwf,macB_5,hom,NA,ilvB2
ucpA,higB2,amyS,gutB_1,rtpR,NA,xerD_1
psbN,yheI_2,lon2_2,gabR,cbiC,NA,murF
psbH_1,galE_1,ubiB_3,rutC,dapB,NA,prfA
tatA,ftsW_2,groL1_2,minD_1,psaK_1,NA,rpmE
pth,apcC,groS_2,ftsH_2,sufE,NA,rpsI
rpsU1_1,apcB,ftsH4_2,rppH,yjiA_1,NA,rplM
rsmI,apcA_2,cpoB_12,thadh,pkwA_2,NA,truA
yihV,apcE,amiE,kptA,lgrD_2,NA,rplQ
cysQ,sasA_26,ald_1,ispU_1,yhdG_2,NA,rpoA
pstS_2,walR_2,hisS,glnA_1,rcsC_37,NA,rpsK
rpsU1_2,atpB,ilvC,lutA,phoP_6,NA,rpsM
spkC_2,atpE,iolS_1,mazG,patA_5,NA,infA
pstS_3,atpG_1,mprA_4,styD,alr2,NA,adk_2
hpnP_2,atpF,hisG,petC_2,yafP_2,NA,secY
opuBA,atpH,cydB,proA_1,gltA,NA,rplO
opuCD,atpA,cydA,pchA,ndhA,NA,rpsE
pabA,atpG_2,cysC_1,menA_2,ndhI_2,NA,rplR
walR_3,ssrA,bepA_6,ykfB,nuoK,NA,rplF
radA,tkt,rssB_7,menE_1,nadK_1,NA,rpsH
pknD_26,fabF_2,hoxH,egtB_3,ridA,NA,rplE
btuD_12,acpP_5,iolG_3,pknD_25,sasA_23,NA,rplX
pknD_27,sdhE,map_2,hspA_4,rcsC_38,NA,rplN
pknD_28,ackA_2,xerC,araQ_1,sasA_24,NA,rpsQ
rimP,gpmA_2,bcp_3,ilvA,dgcE,NA,rpmC
nusA,adc,lysDH,mtnB,cbpA_1,NA,rplP
infB,dnaK2_2,crtI_2,mtnX,hspA_2,NA,rpsC
btuD_13,dusB,pvuIIR,mtnD,moaC,NA,rplV
hlyD_5,cysK1_4,pvuIIM_1,mrdA,cntE,NA,rpsS
surA,pipB2_2,yceM,nfuA_3,rgtE,NA,rplB
aroC,lacF_3,queC,rcsC_32,arcB,NA,rplD
ghrB,purN,pyrE,lepA,rssB_12,NA,rplC
glgA_2,fosA,thiC,moaA_1,pacL_2,NA,ndhN
mtfA,acnB,pknD_22,thrC,pacL_3,NA,bicA_3
psbU,dtd,walR_4,ftsH_3,ahcY,NA,azoR1
salL,moaB,lipA2,yidC,rcsC_39,NA,rhaS_2
ppk_2,rhlB,btuD_11,rnpA,rcsC_40,NA,rsmF
scmP_2,sat,sasA_26,rpmH,pknD_13,NA,bacC_2
rhaS_2,lyr,serS,pntAA,glyQ,NA,comM
pknD_29,pabA,mmpA,pntA_1,smc_3,NA,psbA3_2
besA,dgkA,nth,pntB_1,trpD2_2,NA,cpcG4_1
ydaD,ybeY,glnB,yafJ,carA,NA,cpcG4_2
merA_3,prfB,pgcA,moeA,mrnC,NA,cpcG2
COQ5_8,gatD,COQ5_5,pknD_26,rlmB,NA,cpcG1
sasA_23,ycf3_6,moaA_3,pkwA_3,xylF,NA,cpcF
tcrA_6,psbZ,kdpB_5,pknD_27,pal_2,NA,cpcE
moaA_3,ribH,feoB,spkB_3,rtcA,NA,cpcD
COQ5_9,menE_5,hoxY,petJ_3,murJ_1,NA,cpcC
pgcA,ykfB,sfrA,petE,mshA_12,NA,cpcA
glnB,menA_1,rsxC,psbV,arnC_6,NA,cpcB
nth,pchA,pat,serC,mshA_13,NA,pecF
mmpA,psbA3_3,ppsA_1,bepA_4,mshA_14,NA,pecE
serS,mshA_19,accA_2,gph_3,mshA_15,NA,pecC
sasA_24,ubiL,addA,susA_2,btuD_19,NA,pccA
nboR,lysS,addB,mshA_22,nifJ_1,NA,pccB
btuD_14,glk,phoR,xynZ_3,gpmI,NA,rluD
qmcA_2,glnQ_2,merA_1,tarA,ybiT,NA,patA_5
folP,phnE,ftsY,murJ_2,ziaR_2,NA,nasF_2
tpiA,queE,nusB,aspS,COQ5_12,NA,murJ
ppsA_1,psaI,htpG,htpX_4,dapH_1,NA,tagU_2
pmt,psbE,clpB1_2,pncB2,mshA_16,NA,rfbM
cph1_3,norV_2,gloA,nadD_2,iolG_3,NA,rsmB
rcp1_4,ndhC,alkJ,nadE,eamA,NA,mtgA_3
sasA_25,ndhK1,rhlE,lnrL_2,envC,NA,folK
trmB,ndhJ,thiL,ycf3_9,thrS_2,NA,act
cpdA_4,tpiA,gap2,sufB,trmFO,NA,cymR
accC,folP,nadD_2,sufC,yfcG_5,NA,cysK1_2
psbX,qmcA,murC,sufD,pgl,NA,dnaJ_5
tolB_9,btuD_16,murB,csd,rph,NA,hemH_2
tolB_10,pucA_2,nrtD,copA,adk_2,NA,rocA
cmoM,mobA_1,ssuC_1,wecD,btuR,NA,rbsK
ribBA,argS,ompA_1,ampG,dcd,NA,cugP_3
argC,lpxD,hypB_2,murF,thyA,NA,ilvB_1
eno,rcsC_25,hypA,prfA,resA_4,NA,entS_3
ykoD_1,tatC,speB,rpmE,aroA1,NA,ampG
ecfT_1,nadB,pepA,rpsI,cysG_1,NA,dapH_1
thyX,rimO,trxA_2,rplM,rbsB,NA,rnhA
ybdK,crhR,mutS2,truA,rbsA,NA,rpmA
pepE,pucC,epsF,rplQ,rbsC,NA,ribD_1
hcaB_5,suhB_1,pilT,rpoA,ppsA_2,NA,mreB
psaB1_1,menA_2,grpE,rpsK,srpB,NA,nhaS3_3
argJ,tagG,dnaK_3,rpsM,glgP_1,NA,murI
gatB,btuD_17,dnaJ_6,infA,fghA,NA,hepT
yidD,mshA_20,rsgA,adk_1,queE,NA,proC_2
vte5,gmd_1,sigF,secY,mshA_17,NA,mtnW
pncB2,pknD_21,psbO,rplO,rsfS,NA,petG
nadD_2,dagK,ftsQ,rpsE,IMPDH,NA,rsmD
nadE_1,hemC,ftsZ,rplR,novR,NA,hisH
lnrL_4,glgA_2,gshB,rpsH,sasA_25,NA,yhaV
ycf3_8,aroQ,hflX,rplE,zraR,NA,petA
sufB,topA_1,purQ,rplX,rcsC_41,NA,petC1
sufC,ndhB_3,purS,rplN,dapF_1,NA,hcnC_1
sufD,petC1,zur,rpsQ,hfq,NA,dhaAF_3
csd,petA,qmcA_1,rplP,kefB_6,NA,apaH_2
copA,hisH,rutE,rpsC,trpS,NA,bepA_2
pds_3,rsmD,ubiB_4,rplV,yitJ,NA,tadA_2
cobQ,petG,btuD_12,rpsS,hcnC,NA,rihA
bcp_2,mtnW,emrA,rplB,dhaA_2,NA,truB
hisF,clpC_2,pnp,rplD,rpiA,NA,iolS_3
ruvB_1,mshD,rapA,rplC,ybfK,NA,hslO
cpoB_14,lysA_3,spo0M,ndhN,hcaB_4,NA,scmP_2
cbbS,dacA,ycf3_10,bicA_1,cpoB_13,NA,pipB2_3
cbbL,ispU,cheB_3,hmuU,cpoB_14,NA,pknD_37
panB,dnaJ_4,nreC,yusV_2,pknD_14,NA,besA
hxlR,dnaJ_5,ppk_2,btuF_1,cpoB_15,NA,ydaD
rimM,dnaK2_3,hisD_2,araQ_2,yafJ,NA,srkA_1
flhA,pknD_22,rpoC2,moaA_2,mrdA_1,NA,thiE
pknD_30,clcA,rpoC,rpsD,potA,NA,argG
rcsC_31,gutB_2,rpoB,hetR,potD,NA,rpsF
livH_3,hetR,dtd3,gutB_2,potB,NA,glyA
lipA2,rpsD,rpsT,xfp_1,mshA_18,NA,tilS
cheB_4,moaA_3,btuD_13,polA,murF,NA,smc_4
pknD_31,serC,pds_3,yidA_1,rimJ_1,NA,patA_6
thiC,bepA_2,cntE,spkF,rluE,NA,phoP_7
pyrE_1,gph_2,dusB,cmpR_3,sasA_26,NA,rcsC_33
queC,susA,dnaK2_3,nuoL_2,pknD_15,NA,psbA1
yceM,xynZ_1,cutA,ndhD1_3,purD,NA,ppc
proA_2,tarA,fosB_2,cimA,sasA_27,NA,accD
thiE,aspS,cysO,thiG,menH_4,NA,pppA
pimB_1,htpX_4,trpB_2,yhdJ,expZ,NA,leuB
cpoB_15,trmJ,ctpF_2,garR,cmpR_4,NA,rsgA
ycf3_9,psb28,mshA_26,yqjG_2,ubiB_2,NA,dnaJ_6
rcsC_32,gpmA_3,tmk,dpnM_2,prpC,NA,dnaK_2
rcsC_33,pyrC_2,dagK,lptB_1,spkA_2,NA,grpE_2
tam_3,nadA,cpoB_13,pgi,btuD_20,NA,pilT
dapF_2,gatA_1,sasA_27,cydA_1,trpC_2,NA,epsF_2
tri1,dnaE1,pgaC,cydB,lpdA,NA,mutS2
rcsC_34,sipS,cysE_1,rhaR_1,amyX,NA,trxA_2
mprA_5,pbpG,frbC,queF,gshAB,NA,pepA
mshA_15,tyrS,bepE,yjcG,cphB_1,NA,hydA
sasA_26,pyrF,mdtA_3,adhT,tolB_12,NA,nfuA_2
rhaR_4,mscL,hcaC,bamA_3,pdxI,NA,yccX
sasA_27,rfbA,atzE,shc,ndhK,NA,hybG
ydeP,cbiT,accD,ftsH2_1,sbcD,NA,hypD
pleD_2,rhaR_5,outO,pyrC_1,cysH,NA,kduD
saeR,dps_3,leuB,sipT_1,rcsC_42,NA,hypE
tsaE,rluB,petB_2,rssB_6,rcsC_43,NA,hybF
ruvC,ftsH4,petD,rssB_7,cheB_4,NA,ureG_2
aqpZ2,btuD_18,rsbW,rcsC_33,ndbB_1,NA,rip3_2
phoP_4,hlyD_3,ssrA,pyk_2,ndbB_2,NA,psaK_2
phoP_5,nahK,atpG_1,malP,petF_1,NA,psaK_3
sasA_28,rcsC_26,atpA,stp,aroQ,NA,trpF
rssB_7,oatA,atpH,kojP,topA,NA,folE
spoVD,mfppA_1,atpF,estB_1,ndhB_2,NA,fabG_4
btuD_15,pepP_2,atpG_2,rsmE,ziaA,NA,accA
mshA_16,mdtC_1,atpE,dac,sigA2_3,NA,dasC
glf,tcrA_3,atpB,fbaB,hemN,NA,ywnH
glfT2,sasA_27,apcE_2,aspC,pbsA1_1,NA,gpt
arnC_6,ilvA,apcA,cbiG,crtX,NA,yjmB
mshA_17,arnC_10,apcB_2,ankX,sasA_28,NA,cpcS1
mshA_18,fbiC_1,apcC,yhfK_2,arsC,NA,mprF
mshA_19,infC_1,COQ3_2,menH_8,arsH_2,NA,xynZ_1
mshA_20,cas4-cas1,besC,xpkA,cdr,NA,ybhN
btuD_16,lip1_2,sasA_28,pgm,aqpZ_1,NA,petB_1
sacA,ftsH_7,ftsW_2,tldD_3,sphX_1,NA,petD_2
kaiB_1,yidC,galE,ccsB,cadI,NA,rsbW_1
proS,rnpA,yheI,dsbD,crtI_2,NA,moeA
ziaR_1,rpmH,hemN_2,secA,lysDH,NA,tolB_8
accB,pntAA,pbsA1_2,ribF,dapL_2,NA,pkwA_3
efp,pntA,ndhD1_4,rbn,gldA,NA,pknD_38
CARKD,pntB,ndk,surE_2,dnaK2_2,NA,petJ_2
prk_2,iscA,speA_1,pheS,dnaJ_2,NA,petE
rhaR_5,pds_1,cugP_1,dbpA_1,dnaJ_3,NA,psbV
aes,cobQ,pdxH_2,leuA_1,ispU,NA,araQ_2
cpcT1,bcp_2,argB,pknD_28,dacA,NA,gnd
mshA_21,srpB,pknD_23,sseA,lysA,NA,fabG_5
mshA_22,glgP_2,pknD_24,mnmC,mshD_1,NA,tagO
mshA_23,fghA,plsY,glmU,clpC_1,NA,groL2
arnC_7,tuaD,mlaE,pvuIIM_3,pkwA_3,NA,corA
arnC_8,ftsE,rcsC_26,pyrD,spkB_1,NA,rnc_2
mshA_24,tagA_2,rcp1_5,cobO,pknD_16,NA,iolG_2
hepA_3,degU_1,cph1_2,pipB2_3,lagD_2,NA,rcsC_34
bshA_4,rsbW_2,pmt,glyS,hlyD_4,NA,ribD_2
mshA_25,queG,ppsA_2,murD,capV,NA,purF
bshA_5,gph_3,tpiA,psaC,msmX_2,NA,purL
menE_2,yknY_3,folP,tuaD_1,folB,NA,apcD_2
fadN,xdhA,qmcA_2,kefB_6,menD,NA,rlmCD
fadA,fkpB,sasA_29,ftsW_2,ttuD,NA,asnS
fadE,copA_3,novR,apbC_2,menB,NA,phoP_8
pntA_2,feoB,ysdC,hemF_1,trxB,NA,groS
pntB_2,des,IMPDH,cpcT2,dapL_3,NA,groL1
tldD_2,ybiT,lpxD_2,thf1,purB,NA,ndhH_1
iscS_2,gpmI,rcsC_27,tolR_2,pfp_2,NA,rsmH
bchI,pipB2_3,clcA_2,tolQ_2,gatB,NA,yusO
ndhH,pknD_23,pknD_25,desV_3,argJ,NA,mdtA_4
rsmH,clpS_1,dnaK2_4,fetB_2,clpP_5,NA,mdtB_2
COQ5_10,rne,dnaJ_7,sucC,rip3_2,NA,luxQ
cpoB_16,rnhB,pknD_26,sucD,ybhR_1,NA,cheB_4
gmd_2,pheA,rcsC_28,rcsC_34,yfcG_6,NA,cheB_5
mshA_26,lon2,menH_4,bcrA,pknD_17,NA,gsiA_2
btuD_17,rpsJ,rlmB,algU,thiD,NA,oxyE
tagG,tuf,mrnC,leuB,glnB,NA,ugpC
menA_2,fusA_3,carA,pppA,pgcA,NA,cysS
neoA,rpsG,trpD2,accD,yceM,NA,yciC
suhB_2,rpsL,sasA_30,atzE,queC,NA,dtd
pucC,gltS,ackA,cpoB_9,pyrE,NA,moaB
crhR,dxr_2,pspA,msrB,thiC,NA,rhlB
rimO,frdA,tal_3,mutS,bcp_2,NA,sat
atpD,yhfK_1,kefC_2,amiC,alaC,NA,lyr
atpC,aspC_2,argD,livH_1,ymfD,NA,arnT_3
pknD_32,metK_1,mshA_27,lptB_2,rhaR_1,NA,ycf3_10
ahcY,crnA,btuD_14,livF_2,sigJ,NA,gatD
murK,cas2,arnC_7,folD,rsgA,NA,prfB
ampG_2,cas1_2,xseB,pdxJ,dnaJ_4,NA,ybeY
valS,uvsE,xseA,gsiA_1,dnaK_2,NA,dgkA
larE,dnaK_2,recA,higB-1,grpE,NA,pabA
apcD_1,eda,spkB_2,glsA1,epsE,NA,psbZ
rlmCD,miaB,smtA,menH_9,pilT_2,NA,ribH
asnS,btuD_19,hemL,bchE,epsF,NA,iscA
phoP_6,sphR_1,hisI_2,dgcE,mutS2,NA,pds_3
groS,grxD,phoP_7,ycf3_10,trxA_2,NA,cobQ
groL1,prcA,ppaX,pknD_29,pepA,NA,bcp_2
ruvB_2,tadA_1,hpd,bamA_4,rutD,NA,srpB
mftC,hemA,ecfT,pdxH_2,metG,NA,ppsA_2
pstS1,pds_2,der_1,rssB_8,lptC,NA,glgP_2
pstC_2,hspA_2,tpm,ompR,azoB_1,NA,fghA
pstB3_3,moaC,gpmA,mdtC_1,higB,NA,pgi
alkA,cntE,pyrC_1,auaH_1,higA_1,NA,lptB_4
htrA_3,rgtE,nadA,mprA_3,plsX,NA,yqjG_2
treS_2,arcB,leuA,walK_1,fabH,NA,garR
fgd1,crtB,pknD_27,mhpC,fabD,NA,yhdJ
ftsH4_2,pds_3,sseA,ddl,plsC,NA,thiG
acr1,phzF,mnmC,tolB_5,ccmK4,NA,cimA
rluB,rlpA_1,glmU,miaB,ccmK,NA,ndhD1_5
dps_2,nagZ,pyrD,cmpC_2,lip1_1,NA,nuoL_2
rhaS_3,ebrB,cobO,aroF_3,ilvE_2,NA,cmpR_3
cbiT,mutL,pipB2_4,tkt_2,sasA_29,NA,spkF
mscL,glpE_1,hisA,fabF_1,mprA_10,NA,ppk_2
pyrF,add,steT,acpP_1,folD,NA,adhT
tyrS,purA,sphR_3,sdhE,deoC1,NA,tolQ_2
pbpG_1,ftrV,sphS,ribH,recO,NA,tolR_2
sipT_2,pcrA_2,phoU,psbZ,mshA_19,NA,thf1
ycf3_10,rpmI,cysR,yfcG_4,mutY,NA,cpcT2
COQ5_11,rplT,arnC_8,ycf3_11,COQ5_13,NA,rsbV
dnaE1,glnH,fbiC_1,psaM,mscL,NA,hemF
gatA_1,chlB,yqgN,PSK,mshA_20,NA,apbC
phoD_3,mlhB,fcl,hlyD_4,mshA_21,NA,ftsW_2
clpC_1,vat,gmd_2,btuD_17,dapH_2,NA,kefB_3
mshD,apaH_2,mshA_28,nadB,COQ3_2,NA,ecfA2_2
lysA,bepA_3,btuD_15,tatC,mshA_22,NA,ubiB_4
dacA,rihA_1,prfC_2,htrA_1,arnC_7,NA,egtB_7
ispU_1,fbiC_2,nrtA_1,dapH_2,btuD_21,NA,pepP_1
dnaJ_6,merR1_3,cmpC_1,yiiM,glfT2,NA,ffh
dnaJ_7,cpcT1,cmpB_1,noc_1,glf_1,NA,rpsP
dnaK2_3,yyaP,purF,choA_1,ubiB_3,NA,rpsU
pknD_33,glyQ,purL,hrcA,btuD_22,NA,gchK
clcA_1,apc4,ald_2,ubiB_3,mshA_23,NA,cbiM_1
zupT_2,apc3,ileS_2,argD_2,mshA_24,NA,czcD
rcsC_35,tvaII,menA_2,murG_1,gloB_1,NA,cbiN
lpxD,COQ5_11,neoA,ydfG,rplI,NA,cbiQ
IMPDH_1,ettA,suhB_2,rpsU,sasA_30,NA,ecfA3
ysdC,psbN,pucC,rpsP,sasA_31,NA,cbiM_2
novR,psbH,tcrA_3,ffh,murE,NA,efp
sasA_29,tatA_2,sasA_31,narB,pknD_18,NA,accB
mutY,pth,btuB_5,nrtP,desV_3,NA,smtB
sigA2_2,rpsU1_3,crhR,cmpD_2,fetB_1,NA,proS
carB,rsmI,rimO,cmpC_3,sucC,NA,kaiB_2
dps_3,yihV,sasA_32,nrtB_2,sucD,NA,sacA
kmo,cysQ,copR,nrtA,bcrA,NA,btuD_16
trpB_1,pstS_2,czcR,sir_3,ycf3_9,NA,mshA_19
yciH,recR,murG_1,gltC_2,fbiC_2,NA,mshA_20
fmt,mshA_21,murG_2,trpD,psbA3_3,NA,mshA_21
yqeN,recO,bshA_2,panD,yqeN,NA,mshA_22
COQ3_5,deoC1,atpD,ppa,mnmA,NA,mshA_23
rip3_2,haeIIIM_1,atpC,regX3,CARKD,NA,mshA_24
hcaR_2,mftC,clpB1_3,rcsC_35,sasA_32,NA,arnC_7
yhgF,alkA,estP,cugP_3,pknD_19,NA,btuD_17
yyaP_2,ada,yadH,ilvB,pknD_20,NA,spoVD_1
nadE_2,pbpE,kefB_4,entS_2,malK,NA,cysA_1
ttuD,gatB,cysC_2,hemH_2,icd,NA,pcxA_3
glnQ_2,argJ,cysC_3,rlmD_2,phoP_7,NA,rssB_5
yhdY,ahcY,nfi,rbsK,rcsC_44,NA,sasA_22
yhdW,aroF_6,COQ3_3,ndhB_2,COQ5_14,NA,phoP_9
mshA_27,dnaJ_6,btuD_16,topA,petC1,NA,phoP_10
arnC_9,yeeZ,relK,aroQ1,petA,NA,pcaK
mntB_3,ssuA,yefM,COQ5_9,rcsC_45,NA,aqpZ_2
mntB_4,ssuB,clpC_2,yrrK,pphC,NA,glpK
mntA,ssuC,der_2,sasA_23,cpoB_16,NA,rfuC
bspRIM,auaH_3,bepA_7,yqjG_3,rfbF,NA,ndoA
sasA_30,lacG,vapC,sigE,lhgD,NA,mglA
era_3,tam_2,yojI_2,leuS,dapH_3,NA,tmpC
psbA3_2,msrQ,menB,galK_2,hldD,NA,glcP
tlyA,hisZ,dusA,gtaB,rfbC,NA,btuD_18
apcD_2,suhB_2,sigB,iolG_4,hepA,NA,modA
glnA,ureG_2,cysW,mshA_23,mshA_25,NA,vldH
COQ5_12,btuD_20,cysT,hepA_2,arnC_8,NA,ndhI_1
mdtA_4,COQ3_2,sbpA,bshA_4,mshA_26,NA,sasA_23
mdtC_2,nfi,dhaL,gloB_2,gmd_2,NA,glnQ_1
iscS_3,mglA,dhaK,rplI,hxlR_1,NA,yhdY
topA_1,macB_4,ctpC,dnaB,trmR_1,NA,yhdW
soxA,mdtA_3,def_3,trkA,hisC_4,NA,panE
acoA,pknD_24,dnaA,nhaS2,lysS,NA,COQ5_11
lacX,ppx,dnaN,ycf3_12,treZ,NA,ycf3_11
fda,plqA,sasA_33,ndhH,glgX_2,NA,rcsC_35
ubiD,xynZ_2,rpmG,rsmH,COQ5_15,NA,fur
ndhD1_3,tagA_3,rnr_2,glmS,malQ_1,NA,sigA2_4
mtcA2_1,cysE_2,nplT,COQ5_10,nemA_2,NA,gpsA
ndhB_2,gfo_2,moeZ,apc3,norV_2,NA,lipA
mfppA,mshA_22,selU,apc4,ydhR,NA,fbiC_2
ruvA,tuaB_2,blh,hisC,ydgJ,NA,ygfA
bioF,cphB_2,dnaG,clpS_2,bltD,NA,infC_2
mfd,gshAB,era_3,hemW,map_2,NA,pstB3
mtcA2_2,ycf3_7,psbA3_3,yacL,map_3,NA,pstA_2
hslO,pstS_3,tlyA,glgB,xerC_2,NA,pstS_3
hhoA,pstA_2,apcD_5,malE,soxA_2,NA,ycf3_12
crtN,pstB3_2,glnA,ykfA,spkB_2,NA,gshAB
psaF_1,cpoB_10,COQ5_6,era_1,pknD_21,NA,cphB_2
psbH_2,ltxD_2,gutB_1,liaR_3,pkwA_4,NA,ycf3_13
psbB_2,amiB2,hetR,aroA1,tolB_13,NA,ndhK1_2
psbC_2,barS1,rpsU1_1,hfq,trmB,NA,mshA_25
psbD1_2,cobS,rcsC_29,dapF_2,cpdA,NA,mshA_26
apcD_3,tgt,rcsC_30,qorA,guaA,NA,iolG_3
apcE_1,psbK,rcsC_31,sasA_24,rcsC_46,NA,cysE_2
apcD_4,psbM,rcp1_6,garB_1,rcp1_4,NA,xynZ_2
apcB_1,prlC,liaR_3,phoP_5,cph1_3,NA,COQ2
psbA1_2,ileS,selO,rcsC_36,cseB,NA,ppx
chlF,gnd,rimJ,rssB_9,mamM,NA,pknD_39
rssB_8,groL1,bioB,ctaE_4,rbfA,NA,mdtA_5
sasA_31,groS,petL,ctaD_4,yciO,NA,macB_3
phoP_7,phoP_5,aroB,fdxB,larC,NA,ycf3_14
psaA_2,tylN,bmrU,dnaK2_2,ndhL,NA,vapC_1
psaB,asnS,tkt_2,dusB,trpA_2,NA,yknY_1
psaL_1,rlmCD,comB,speA_2,pal_3,NA,gph_3
nifJ,apcD_1,ccmK4,crtN_2,pgk,NA,queG
rcsC_36,purL,ccmK,psaF_2,gph_3,NA,rsbW_2
cheY,purF,ccsA,psbH_2,infC_1,NA,rssB_6
cheW,ribD_1,tilS,psbB_1,speE,NA,degU_1
cheB_5,rcsC_27,smc_5,psbC_1,speH,NA,tagA
cheR1,rnc_2,patA_2,psbD1,pknD_22,NA,btuD_19
petB_1,corA,phoP_8,apcD_1,pknD_23,NA,hybD
nhaP2,groL2,rcsC_32,apcE_2,gloB_2,NA,mopII
sasA_32,tagO,proB,apcD_2,blh,NA,ctaB_1
mrgA,fabG_4,cinA,apcB_2,yhjQ_1,NA,fdxH
liaR_3,ald_2,glyA,psbA1_2,prsA_4,NA,hesB1
sasA_33,ndhH,rpsF,chlF,btuD_23,NA,hesA1
rcp1_5,phoU,argG,rssB_10,hlyD_5,NA,nifW2
rcsC_37,sphS,rsmA,walK_2,ctpF_2,NA,nifK_1
rcsC_38,sphR_2,ispE,phoP_6,sasA_33,NA,nifD_1
rcsC_39,steT,smc_6,psaA_2,cusR,NA,nifK_2
rpsU1_3,hisA,lexA,psaB_2,bmrU_2,NA,nifD_2
acsA_2,pipB2_4,argF,psaL_2,hmp,NA,nifH
xpkA_2,nhaS3_1,pcxA,nifJ,todS_1,NA,nifS
msrQ_2,cobO,rsxD,glcK,lpxD,NA,nifB
ynfM,pyrD,lacF_2,hisD_2,hspA_3,NA,PGdx
fenF,glmU,rpsU1_2,ccmK2_2,sdhE,NA,amyM
yidA_1,rcsC_28,glsA2,clpP_2,acpP_2,NA,kefB_4
acpP_3,mnmC,psaA_2,auaH_2,fabF_2,NA,ykqA
acpS,sseA,psaB1,lgrD_4,tkt,NA,pknD_40
fabH_3,pknD_25,cynS,pksE_1,iolS_1,NA,ureF
dmlR,leuA_1,pvuIIM_2,noc_2,acnB,NA,ureE
choA,chbG,mprA_5,auaH_3,htrA_3,NA,lipM
hcaB_6,bepA_4,smpB,mgtA_2,sasA_34,NA,kdpC_2
dhaA_2,nadK_1,sasA_34,livQ,mnmE_1,NA,kdpB_3
catM,nuoK,fdtB,nhaP2_2,pknD_24,NA,kdpA_2
nucA,ndhI_2,msrA,crcB_1,selO,NA,sasA_24
phoD_4,ndhA,rffG,bepA_5,rimJ_2,NA,degU_2
hetR,gltA,fdhD,rcsC_37,bioB,NA,tmrB
gutB_1,alr2,relA,rcp1_3,petL,NA,topA_2
pknD_34,alkJ,moaA_4,sasA_25,aroB,NA,cpoB_11
clcA_2,sufS,cpoB_14,sasA_26,ywqD,NA,ctaE_2
pknD_35,novN_2,thadh,hcaB_4,rnz,NA,ctaD_3
rapA_2,mshA_23,ftsH_3,psaB1_2,devR,NA,fdxB
iolA,mshA_24,minD_3,psaB1_3,hlyD_6,NA,cobL
ppgK,mshA_25,pyrB,argJ,lagD_3,NA,htrA_4
yedZ1,mshA_26,amiD,gatB,cobP,NA,oatA
yedY1_1,mshA_27,rbsK,ppk_2,ilvB_1,NA,pepP_2
hemN,rfbE_2,preA,mshA_24,clpB1_2,NA,nifJ
pbsA1_2,mshA_28,nifJ_2,mshA_25,kynB,NA,queD
ndhD1_4,per,hemH_2,mshA_26,rcsC_47,NA,livF_3
lnrK_2,galE1,entS_2,hyaD,ureG,NA,fprB
lagD_3,fmt_3,ilvB,arnC_5,suhB_2,NA,plsY_2
btuD_18,desV_1,cugP_2,arnC_6,cpoB_17,NA,cysA_2
nagB,iolG_1,nagB,mshA_27,hscB,NA,purT
cutA,fdtC,fdxB,hepA_3,hisZ,NA,sasA_25
fosB_2,btuD_21,ctaD_2,mshA_28,COQ3_3,NA,rcp1_6
cysO,iolS_1,ctaE_2,mshA_29,psaL_2,NA,cph1_3
trpB_2,petJ_2,dxs_2,menE_2,psaB,NA,rcsC_36
cpoB_17,petF_2,pknD_28,fadN,psaA_2,NA,rcsC_37
arnE_2,ybaB,ppx,fadA,gdx_2,NA,rcsC_38
htrA_4,lnrK_3,plqA,fadE,iolS_2,NA,tal_3
crtX,tadA_2,xynZ_2,pntA_2,phoP_8,NA,moaA_4
rcsC_40,ompA_1,cysE_2,pntB_2,sasA_35,NA,thrC
hcaB_7,vapC_2,iolG_4,gph_4,rssB_13,NA,arnC_8
cobL,hpf,mshA_29,rpsA_2,chlF,NA,bchL
sir_1,lipB,allB,psbT,psbA1_2,NA,soj_1
cobH,glnQ_3,yfmJ,psbB_2,apcD_3,NA,rtcB
cobIJ,mltF,moaA_5,dppB_2,apcB_2,NA,COQ5_12
cysG,yokF,thrC,htrA_2,apcD_4,NA,yvdM
rcsC_41,smtA,surE_3,hoxH,apcE_2,NA,mazE
dapL_3,walR_3,arnC_9,hndC,apcD_5,NA,apnhaP_1
mco,yajO_1,rnd_3,pat,psbD1_3,NA,yhhT_2
copB,benM,soj,ppsA_1,psbC_2,NA,rssB_7
sthA,dfa1,mamM,nhaP2_3,psbB_2,NA,dpnM_1
czcA,dfa5_1,rbfA,nadC,psbH_2,NA,rutE
cpdA_5,hdc,yciO,fgd,psaF_2,NA,rpsA_2
glkA_1,ureC,larC,infC_2,rocF,NA,clcD
pknD_36,bchE_1,ndhL,bchI,hcaR_2,NA,menH_4
clpP_4,psbA3_4,trpA,yhhT,mtrA,NA,clpX
auaH_3,ispH_2,pal_2,sasA_27,btuD_24,NA,clpP_5
lgrD_4,nrgA,pgk,rhaR_2,lagD_4,NA,tig
pksE_2,rcsC_29,cobN_1,sasA_28,mdtA_3,NA,asd
auaH_4,metK_2,ureE,cpcT1,minD_3,NA,dapA
mgtA_2,prk_1,ureF,nrtD,rhaR_2,NA,rnjA
ndbB_2,petH,nrtB_1,aprA,sppA_1,NA,aldB
livQ_2,hom,lgt_2,rcsC_38,degU_4,NA,yedY1_1
crcB_1,fbp,merA_2,walR_2,sasA_36,NA,aldH1
crcB_2,tal_3,tolR_2,kdpB_3,rcp1_5,NA,rcsC_39
COQ5_13,zwf2_2,tolQ_2,ytaF,rcsC_48,NA,murD
bepA_4,cbiA,cysH,kdpB_4,rcsC_49,NA,glyS
cnrA_2,fcl,cpdA_2,egtB_4,rcsC_50,NA,recA
yxaF_2,gmd_2,zosA,kdpB_5,ribD_1,NA,xseA
acpP_4,mshA_29,gltI,teaD,rcsC_51,NA,xseB
aldH1_1,pgsA,cpoB_15,bicA_2,iolG_4,NA,arnC_9
cmpB_2,aspA,pimB_2,pacL_2,rnc_2,NA,btuD_20
nrtC,cpoB_11,pknD_29,rpoZ,corA_1,NA,mshA_27
nrtA,cpoB_12,pknD_30,moaE,ndhB_3,NA,tolB_9
cysE_2,fabG_5,speH,rcsC_39,ndhD1_5,NA,cpoB_12
acpP_5,queA,speE,rcsC_40,petJ_2,NA,narB
pacL_2,emrA_2,sigA2_3,rcp1_4,rpoD_2,NA,nrtP
icfA_3,pnp,shc,rcsC_41,priA_2,NA,sir_3
teaD,ycf3_8,ddpX,mnmG,kdpA_2,NA,cynR
kdpB_1,leuB,cobK,ndhD1_4,kdpB_3,NA,trpD
egtB_4,pppA,cbiD,fgd1,kdpC_2,NA,panD
kdpB_2,accD_2,rpiA,sodA1,kdpD,NA,ppa
ytaF,argG,mshA_30,mdtA_4,anmK,NA,ndbB_3
kdpB_3,rpsF,sasA_35,mdtC_2,mprA_11,NA,gph_4
ggt_2,glyA,rhaR,btuD_18,nadK_2,NA,alkA
modA_1,tilS,sasA_36,lagD_3,petM,NA,cpoB_13
modA_2,patA_2,ydeP,lnrK,pdxA2,NA,ktrA
btuD_19,phoP_6,tsaE,soxA,dnaG,NA,ktrB
psbA3_3,rcsC_30,ruvC,acoA,aqdC2,NA,cpoB_14
pyrE_2,psbA2,fbiC_2,fda,fosB_1,NA,nadA
cph1_4,ppc,hmuU_2,zupT,gabR,NA,pyrC_2
rcp1_6,ccsA,yusV_2,clcA_1,hcaB_5,NA,gpmA_1
sasA_34,cinA,btuF_3,pknD_30,resA_5,NA,psb28
glgC_2,proB_2,araQ_2,dnaK2_3,nfi,NA,trmJ
pvaA,ureD,psbV,dnaJ_5,pknD_25,NA,htpX_3
sasA_35,ureA,petE,dnaJ_6,rbgA,NA,htpX_4
acpP_6,ureB1,petJ_2,ispU_2,fosB_2,NA,aspS
mmcR_3,aroC,lagD_2,dacA,fdhD,NA,tarA
yhhT,ghrB,hlyD_4,lysA,czcR_3,NA,xynZ_3
dap,haeIIIM_2,nadK_2,mshD_1,sasA_37,NA,susA
rssB_9,glgA_3,nuoK,clpC_2,cya,NA,gph_5
ykoD_2,mtfA,ndhI_2,pknD_31,mshA_27,NA,bepA_3
ecfT_2,yceM,ndhA,gatA,btuD_25,NA,rep
rutD_2,queC,gltA,dnaE1,ltxD_2,NA,serC
cga,pyrE,alr2,ycf3_13,czcD,NA,moaA_5
mneP,eriC,patA_3,sipT_2,regX3_2,NA,rpsD
gdh_2,lgrD_12,phoP_9,pbpG,sasA_38,NA,hetR
mntH_3,patA_3,rcsC_33,tyrS,yhhT_2,NA,gutB_2
lpxG_1,phoP_7,stp,pyrF,queD,NA,clcA_1
pbpG_2,rcsC_31,rcsC_34,mscL,treS,NA,pknD_41
phoP_8,egtD_1,rssB_8,cbiT,fgd1,NA,dnaK2_2
tmoS_2,egtB_3,sipT_3,rhaS_6,mshD_2,NA,cbpA
phoP_9,pstS_4,pyrC_2,dps_1,srkA,NA,dnaJ_7
rcsC_42,hxuB_2,fbaB,rluB,betI_2,NA,uppS
rcsC_43,mshA_30,aspC,ftsH4_2,sasA_39,NA,dacA
rssB_10,arnC_11,purK,kmo_1,ptxB_1,NA,lysA
hlyB_2,hepA,cbiG,rcsC_42,ptxB_2,NA,mshD
fabG_2,rfbC,ankX,ahcY,ptxB_3,NA,clpC_1
plsY,galE_2,yhfK_2,murK,aqpZ_2,NA,rsfS
mlaE,lhgD,menH_5,valS,sasA_40,NA,cysK1_3
sppA_2,rfbF,xpkA,larE,tcrA_2,NA,pipB2_4
aroH,ycf3_9,pgm,apcD_3,czcA_2,NA,lacF_2
pknD_37,pphC,tldD_3,rlmCD,mdtA_4,NA,purN
pyk_2,patA_4,mtnB,asnS,pknD_26,NA,fosA
mshA_28,pheT,mtnX,menB,cpoB_18,NA,dnaE1
cugP_1,ftsH2_1,mtnD,ftsH_4,menE_2,NA,gatA_2
rfbD,nit1,mrdA,dusA,fadN,NA,sasA_26
rmlC,coaD,nfuA,sigB_2,fadA,NA,nhaP2_2
menF,rlmN,rcsC_35,cysR_1,fadE,NA,petB_2
yggS,uvrC,lepA,cysW,murJ_2,NA,pacS
sepF,divK_1,fusA_2,cysT,tagU_2,NA,merR1
proC,pipB2_5,cpoB_16,sbpA_2,rfbM,NA,efe
gcvT_2,ilvD,glpK,dhaL,ubiB_4,NA,desA
rpsD,lptB_3,bshA_3,dhaK,btuD_26,NA,metZ
puuB,lptA,exoA,ctpC,spoVD,NA,estP
nahK,ftrC,hlyD_5,def_2,pcb,NA,yqjG_3
bfce,larC,pacL_2,dnaA,isiA,NA,kefB_5
hisD_2,yciO,rutD,dnaN,glpQ,NA,gerN
glkA_2,rbfA,metG,sasA_29,ligA,NA,cysA_3
rcsC_44,mamM,lptC,rpmG,eis,NA,clpC_2
cas1_1,saeR,plsX,rnr_1,yhbE,NA,msrB
phsA,cph1_3,fabH,cpoB_10,truB,NA,dsbD
pknD_38,rcp1_5,fabD,dbpA_2,btuB_1,NA,ccsB
kinE,rcsC_32,pacL_3,modA_2,mshA_28,NA,queF
xerD_2,guaA,recF,modB,mshA_29,NA,yjcG
merR1,menG,prmA,btuD_19,rssB_14,NA,ycf3_15
pacS,rssB_8,serA,modA_3,ompR_2,NA,rcsC_40
gtaB,pknD_26,uvrB_2,ftsH_5,rssB_15,NA,COQ5_13
galK_2,kojP,speA_2,amiD,murT,NA,dnaB_1
leuS,estB_1,ychF,xerC_2,bcp_3,NA,rplI
sigE,rsmE,guaA,cshA,hpf_1,NA,gloB_1
kefB_3,dac,sasA_37,dbpA_3,lipB,NA,bshA_3
era_4,rip3_2,rtcB_2,moaA_3,glnQ_1,NA,btuD_21
recJ,ydaF,COQ5_7,rapA_2,glnH_2,NA,mshA_28
ycf12,rcsC_33,pgmB,rep,yecS,NA,cobK
aroK,rssB_9,kefB_5,acsA_1,yhcR,NA,cbiD
pknD_39,rssB_10,PGdx,mfd,mftE,NA,rpiA
pknD_40,rcsC_34,phnC,glnQ_3,gap,NA,mbhA
argB,ydfG,phnD1,mltF,xerC_3,NA,rsmG
pdxH_2,murG_1,htpX_5,phoP_7,apr,NA,cbiC
cugP_2,yciC_1,murAA,phoP_8,pknD_27,NA,dapB
speA_2,cysS,aviRb,sasA_30,vgb,NA,thiD
ndk,ugpC,murT,rssB_11,cpoB_19,NA,liaR_3
cugP_3,oxyE,mtnP,isiA,ltrA_1,NA,rcp1_7
ilvB,gsiA_1,pipB2_5,pcb,benM,NA,rcsC_41
entS_1,cheB_2,cpoB_17,spoVD,hcaB_6,NA,rcsC_42
hemH_2,cheB_3,rcsC_36,btuD_20,hcaR_3,NA,rcsC_43
rlmD_2,luxQ,gyrA_2,arnC_7,vapC_3,NA,rpsU1_3
rbsK,rsmH,rpoD_3,arnC_8,swrC,NA,minD_2
gatA_2,cysR_2,gyrB,mshA_30,pinR,NA,rppH_2
IMPDH_2,cbiF,miaA,glf,psbA2,NA,ftsH_2
pyrB,lgt_2,macB_4,arnC_9,mfd,NA,thadh
minD_2,psbU,betI,arnC_10,pntB_1,NA,kptA
ftsH_3,salL,sasA_38,mshA_31,pntA_1,NA,opuBA
thadh,infC_2,lacF_3,mshA_32,pntAA,NA,rpsO
kptA,mshA_31,purN,mshA_33,rnpA,NA,aroF_2
cpoB_18,relA_2,acnB,mshA_34,yidC,NA,btuD_22
rffG,moaA_4,mfd,btuD_21,zosA,NA,bchE_1
pknD_41,pacS_2,glnH_2,sacA,mdtA_5,NA,dgcE
msrA,rcsC_35,wcaJ,kaiB_1,bepE_2,NA,pbpG_2
desV_2,rcp1_6,ndhB_2,liaR_4,nhaS3_2,NA,spoVD_2
sasA_36,sasA_28,topA,sasA_31,xerD_2,NA,mfppA_2
smpB,rcsC_36,aroQ1,proS,sasA_41,NA,mshA_29
mprA_6,moaE,yqgF,cas1_3,purH,NA,mprA_5
petC1,rpoZ,sasA_39,icaA,estB,NA,sasA_27
petA,ndhD1_5,hpnP_2,sasA_32,coaBC,NA,treS_2
hisH,bepA_5,rpsU1_3,rcsC_43,pknD_28,NA,clcA_2
rsmD,bchI,pstS,phoP_9,sacA,NA,purU
petG,mntB_1,cysQ,patA_3,kaiB_2,NA,ankX
mtnW_1,mntB_2,yihV,yhdG,flhA,NA,yhfK_2
mtnW_2,haeIIIM_3,rsmI,lgrD_5,avtA,NA,menH_5
prlC,rcsC_37,rpsU1_4,recQ,rimM,NA,xpkA
ileS_1,era_1,pth,pdhC,xpkA_2,NA,pgm
pknD_42,kdpA_1,tatA,slyD,isiB_1,NA,tldD_3
gnd,bdcA,psbH_2,hcrA,gap1,NA,tgnD
ileS_2,ycf3_10,psbN,lsrA,tal_4,NA,dinG_2
ald_2,priA,mntA_2,mglA,rcsC_52,NA,ftsH_3
rihB,rpoD_1,nifB,pknD_32,rcsC_53,NA,yidC
purL,petJ_3,nifS,ureG,obg,NA,rnpA
purF,pknD_27,nifH,suhB_2,rhaR_3,NA,rpmH
tadA_3,truB,nifD_1,dnaJ_7,yajO_2,NA,pntAA
rihA,rihA_2,nifK_1,hisZ,dps_3,NA,pntA
truB,tadA_3,nifD_2,msrQ_1,yhhW,NA,pntB
hmp,rnhA,nifK_2,lacF_3,hepT,NA,menE
tolB_11,rpmA,nifW2,nucH,murI,NA,menC
man5A,ribD_2,hesA1,rcsC_44,nhaS3_3,NA,menA_2
pknD_43,mreB,hesB1,lpxD,ssb,NA,pchA
aspS2,ssb,fdxH,IMPDH_2,mreB,NA,psbA3_3
btuB_2,nhaS3_2,ctaB_2,ysdC,ribD_2,NA,proA_1
petJ_3,murI,mopA,novR_2,rpmA,NA,clpS_2
rpoD_2,hepT,ctaD_3,sasA_33,rnhA,NA,COQ5_14
priA,frp,ctaE_3,mutY,gltC,NA,mltF_1
tam_4,wcaJ_2,dps_3,sigA2_3,COQ5_16,NA,hemW
kdpA_1,surE_2,hutZ,carB,sasA_42,NA,yacL
kdpB_4,egtB_4,nhaS3_2,dps_2,wcaJ_1,NA,glgB
kdpC_1,rsmA,bicA_2,yciH,surE_2,NA,dhaA
kdpD,ispE,cmpD_1,trpB_1,dxs_1,NA,purB
ligA,egtB_5,cmpC_2,kmo_2,sodC,NA,dnrC
rcsC_45,lexA,cmpB_2,gpmA,pacS,NA,purH
rcsC_46,argF,cmpA,pyrC_2,stp_2,NA,cheR_2
tal_2,walK,menH_6,nadA,malP,NA,cheB2
gap1,sasA_29,lnrL_4,hmo,pyk_1,NA,rcsC_44
ispU_2,dapF_2,ubiB_5,arnT_2,shc,NA,frdA
glnT,bcp_3,gabT,rcsC_45,egtB_3,NA,srfAB
iolS_2,potA,murG_3,kaiA,yojI_2,NA,cysC
lutA,potD,ydfG,kaiB_2,hpnP_4,NA,proA_2
xerD_3,potB,ldhA,kaiC,COQ3_4,NA,pat
spo0J,htrA_3,gatB,rcsC_46,nemR,NA,adhE
cas1_2,mdtC_2,argJ,rcp1_5,cheB_5,NA,pflA
cas2b,auaH_4,thyX,sasA_34,cpoB_20,NA,fusA_3
dnaB,mprA_3,yedY1_2,trmR_4,tmk,NA,rcsC_45
rpsU,sasA_30,yedZ1,rcsC_47,xdhA,NA,undec1A
rpsP,mhpC,ppgK,sasA_35,rfuD,NA,estB
ffh,ddl,iolA,rcp1_6,fabG_2,NA,pflB
narB,hemB_2,pknD_31,cph1_3,rcsC_54,NA,cbbL
nrtP,yciC_2,mdtA_4,kdpD,rcsC_55,NA,cbbS
sir_2,qorA,mdtC_2,rtcA,uppP,NA,cpoB_15
gltC_2,garB,soxA,ribA,ywaD,NA,ruvB
trpD,rcsC_38,rpsU,upp_1,htrA_4,NA,hisF
panD,prk_2,rpsP,divK_2,metK_3,NA,sasA_28
ppa,prsA_2,ffh,susA_3,psbZ,NA,uppP
regX3,btuD_22,narB,devR,ribH,NA,ycf3_16
rcsC_47,murB,nrtP,upp_2,pnp,NA,tyrC
lacF_2,murC,cmpD_2,crtNb,hcaB_7,NA,tycC_1
nucH,nadD_2,cmpC_3,prsA_1,yhhT_3,NA,trmR_1
petF_1,gap2,nrtB_2,btuD_22,ftsH4_3,NA,ilvE_2
auaG,thiL,nrtA_2,rcsC_48,opuCA,NA,ftsH3
acyP,rhlE,sir_3,cheB_3,opuCD,NA,hpnP_1
emrB,apnhaP_2,gltC,cheB_4,opuCC,NA,hpnP_2
entS_2,yojI_5,trpD,cheB_5,yfiZ,NA,hpnP_3
emrA_3,merA_4,panD,gsiA_2,yfhA,NA,upp_2
slyA,cobD_1,ppa,oxyE,sasA_43,NA,ribA
walR_4,hup,regX3,sugC,mtnP,NA,panB
pgi,yqhD,sasA_40,cysS,ybxI,NA,rcsC_46
lptB_3,yxaF,gabR,yciC_2,thadh,NA,menH_6
dpnM_2,trmFO,gutB_2,dtd,cpoB_21,NA,rlmB
yqjG_1,mtgA_3,rcsC_37,moaB,crtI_3,NA,mrnC
garR,cmpA,phoP_10,rhlB,cysA_1,NA,carA
yhdJ,cmpB_3,sasA_41,cpeS2,sasA_44,NA,trpD2_1
thiG,cmpC_4,rcsC_38,mdtA_5,rcp1_6,NA,kynB
cimA,cmpD_3,patA_4,swrC,sasA_45,NA,engB_1
ndhD1_5,bicA_2,phoB,pknD_33,rcsC_56,NA,ctaE_3
nuoL_2,hutZ,rcsC_39,mshA_35,clpC_2,NA,ctaD_4
cmpR_3,yajO_2,bioF,rplS,rcsC_57,NA,ctaA
spkF,dps_4,ruvA,secE,sasA_46,NA,ctaB_2
yidA_2,yhhW,mfppA,nusG,rcp1_7,NA,dhaK
polA,sasA_31,ndhB_3,rplK,sasA_47,NA,dhaL
xfp,pstS_5,ndhD1_5,rplA,glnQ_2,NA,sbpA_1
apnhaP,nifB,ubiD,rplJ,glnP,NA,cysT
map_2,nifS,ecfA2_2,rplL,tolB_14,NA,cysW
iolG_2,glbN,mshA_31,pknD_34,plsY_2,NA,hisC
rssB_11,nifH_2,mshA_32,pknD_35,mlaE,NA,sasA_29
frbC,nifD_3,ybaB,mtnA,sppA_2,NA,walR_4
cysE_3,yknY_4,liaR_4,dxs_2,aroH,NA,phoP_11
drrA,nifK_2,tadA_3,hemE_2,pyk_2,NA,tmoS
drrB,nifD_4,hpf_2,ptrB,mshA_30,NA,fdhD
entS_3,nifK_3,lipB,minE,cugP_3,NA,rffG
ybdL,nifD_5,htrA_3,minD_2,rfbD,NA,pknD_42
petJ_4,nifK_4,pknD_32,minC,rmlC,NA,sadH
ampG_3,nifW2,dapL_3,denK,menF_2,NA,msrA
cntO,hesA1,ddpC,gdhA,yggS,NA,crcB
ppsA_2,hesB1,glkA,rtcB_2,sepF,NA,desV_2
pikAI,ctaB_1,pknD_33,rcp1_7,proC,NA,kefC
aziB2,mopII_2,bfce,rcsC_49,ydeP,NA,iscS_2
eryA,hyaD,nahK,guaA,lgrD_3,NA,tri1
dltA_3,ctaD_1,petC_2,rcsC_50,alkJ_2,NA,srkA_2
dltA_4,ctaE_1,rpsD,cheB_6,fbaB,NA,ndhB_3
lgrD_5,PGdx,rutB_2,cheR_2,aspC,NA,dapF_2
lgrB_3,amyM,ssuC_2,rcsC_51,COQ3_5,NA,tam
panP_2,kefB_3,ompA_2,undec1A,alkJ_3,NA,cutA
ppsE_4,ykqA,pepP_2,estB_2,betA,NA,fosB_2
ppsE_5,pknD_28,yhbO,cpoB_11,sbpA_2,NA,yhgF
lgrD_6,ureF,ndhM,hpnP_1,cysT_2,NA,pheT
znuB,queD,srrA,pstS_3,cysW_2,NA,ndhI_2
ziaR_2,ycf3_11,arnC_10,spkC,cysR_2,NA,nudF
znuC,rsxD,aroE,dagK,ytrE,NA,sasA_30
znuA,pcxA_3,menH_7,hemC,trpB_3,NA,zur
rqcH,vapC_3,iolS_2,glgA_2,cysO,NA,purS
mshA_29,cbiG,ykuD,bcp_3,rsmA,NA,purQ
htpX_5,lacX,rcsC_40,pgl,ispE,NA,hflX
prfC,acoA,cobN_2,rph,phnD1,NA,ppgK
hemB,pyrH_2,fur,adk_2,phnC,NA,yedZ1
kefB_4,lnrK_4,sigA2_4,btuR,ppa_1,NA,yedY1_2
bfmBAB,arnT_1,gpsA,dcd,PGdx,NA,yhbO_1
secD,rcsC_39,lipA,proA_2,ydbD_1,NA,ndhM
secF,kaiA,tolB_6,pkwA_4,ureE,NA,srrA
sasA_37,kaiB_2,tolB_7,ftsY,ureF,NA,arnC_10
tsaC,kaiC_2,dfa5_3,nusB,rssB_16,NA,dps2
prmC_1,rcsC_40,dfa1,htpG,rcsC_58,NA,lutA
menH_8,rcp1_7,petJ_3,moaA_4,phoP_9,NA,glnA_2
tsaD,sasA_32,yhdN,clpB1_2,nucH,NA,btuD_23
psaF_2,ureE,btuD_17,gloA,petF_2,NA,hrcA
psaJ,lipM,fdtC,ecfT_2,acyP,NA,glpE_3
psaL_2,kdpC_1,iolG_5,ykoD,aroF_3,NA,dapH_2
gmk,kdpB_2,desV_2,eno,dnaJ_5,NA,pdxH_2
remA,kdpA_2,dapH_3,argC,yeeZ,NA,bamA_4
mraY,sasA_33,wbgU_2,ribBA,fabG_3,NA,yknY_2
psaE,degU_2,per,cmoM,yjiA_2,NA,macB_4
mutM,topA_2,mshA_33,tolB_6,pbsA1_2,NA,mdtA_6
ndhO,gtaB,mshA_34,tolB_7,glmM,NA,cpoB_16
mdh,galK,mshA_35,psbX,mshA_31,NA,rcsC_47
COQ5_14,leuS,mshA_36,accC,mshA_32,NA,gyrA_2
btuD_20,sigE,COQ3_4,cpdA_3,ecfA2_2,NA,rpoD_2
COQ5_15,kefB_4,NA,trmB,pcyA,NA,gyrB
ettA,cpoB_13,NA,rcsC_52,macB_5,NA,miaA
rsfS,ppsA_1,NA,rcp1_8,msmX_3,NA,petJ_3
glnQ_3,pfp,NA,cph1_4,sugB,NA,petF_1
phnE,ntcA,NA,pmt,sugA,NA,ybaB
xerC,fabI,NA,ppsA_2,ndhD1_6,NA,lnrK_1
todB,hisB,NA,tpiA,recR,NA,tadA_3
fur_1,tldD_2,NA,folP,COQ3_6,NA,ompA
bcp_3,pgm,NA,qmcA_2,apaH_1,NA,metK_3
lysDH,xpkA_2,NA,btuD_23,alaS,NA,sasA_31
crtI_1,menH_4,NA,pucA,ubiB_5,NA,yqgF
psbD1_3,yhfK_2,NA,mobA_1,lon2_3,NA,mltF_2
ecfA1,ankX,NA,sasA_36,hpf_2,NA,glnQ_2
cefD_2,panB,NA,serS,pmbA_2,NA,lipB
moaA_4,rcsC_41,NA,mmpA,clcA,NA,hpf
relA,menH_5,NA,nth,mtnB,NA,yybR
degU_2,rlmB,NA,glnB,mtnX,NA,trmR_2
sasA_38,mrnC,NA,pgcA,mtnD,NA,stp_1
kdpA_2,carA,NA,COQ5_11,mrdA_2,NA,malP
kdpB_5,trpD2_3,NA,moaA_5,barS1_2,NA,pyk_2
kdpC_2,kynB,NA,slyA,rcsC_59,NA,gpmA_2
rhaS_4,ctaE_2,NA,emrA_2,rhlB,NA,sbpA_2
linC,ctaD_2,NA,entS_3,miaB,NA,valS
iolS_3,ctaA,NA,emrB,ddl,NA,mtnP
lipM,ctaB_2,NA,acyP,lipA,NA,sasA_32
phrA,COQ5_12,NA,auaG,gpsA,NA,aviRb
tuaB,kefC_2,NA,petF,sigA2_4,NA,murAA
mshA_30,cph2,NA,glnA_2,zur_2,NA,htpX_5
iolG_3,desV_2,NA,apcD_4,cobN_2,NA,ycf3_17
cysE_4,crcB,NA,tlyA,rcsC_60,NA,murT
COQ3_6,msrA,NA,psbA3,sasA_48,NA,macB_5
tagA_2,sadH,NA,era_2,pcrA,NA,btuD_24
xynZ_3,pknD_29,NA,rcsC_53,cph1_4,NA,fdtC
plqA,rffG,NA,der_2,ephB,NA,iolG_4
ppx,fdhD,NA,bepA_6,pdxH_2,NA,desV_3
pknD_44,regX3_2,NA,vapC_3,dapH_4,NA,dapH_3
dxs_2,sasA_34,NA,hpnP_2,glgE,NA,wbgU_2
ackA,mfppA_2,NA,yojI_1,bglA,NA,per
gpmA_1,mshA_32,NA,arnC_11,hrcA,NA,mshA_30
tal_3,mprA_4,NA,cutA,aroC,NA,rfbE
kefB_5,rcsC_42,NA,algA,ghrB,NA,mshA_31
argD_2,surA_2,NA,fosB,glgA_1,NA,mshA_32
opuCC,hlyD_4,NA,cysO,glgP_2,NA,mshA_33
mshA_31,btuD_23,NA,trpB_2,dapH_5,NA,mshA_34
btuD_21,purU,NA,prk_1,psbI,NA,novN
arnC_10,btuD_24,NA,CARKD,lptD_2,NA,sufS
xseB,tycC_8,NA,efp,slmA_1,NA,alkJ
xseA,trmR_1,NA,accB,sfnC,NA,alr2
recA,ftsH3,NA,ziaR_1,apc3,NA,gltA
spkB_3,hpnP_2,NA,eda,COQ3_7,NA,ndhA
smtA,mtnN,NA,yffB,apc4,NA,ndhI_3
hemL_2,ycf3_12,NA,rssB_12,ispH,NA,nuoK
hisI,btuF,NA,sasA_37,rsxD,NA,nadK_2
phoP_10,prtS,NA,uppP,dltA_1,NA,yabJ_2
ppaX,nadC,NA,livH_2,tcmN,NA,bepA_4
hpd,nhaP2_2,NA,bioF,htpX_3,NA,fas5
ecfT_3,dppB_2,NA,ruvA,murAA,NA,leuA_2
der_2,cpoB_14,NA,mfppA,aviRb,NA,pknD_43
tpm,pknD_30,NA,ndhB_3,rcsC_61,NA,sseA
gpmA_2,sgrR_2,NA,mtcA2_2,osmC,NA,mnmC
pyrC_2,psbB,NA,ndhD1_5,ppk_2,NA,rcsC_48
nadA,psbT,NA,thyX,ycf3_10,NA,glmU
hmo,rpsA_2,NA,ybdK,cas1_2,NA,pyrD
liaR_4,gph_4,NA,pepE,cas1_3,NA,cobO
arnT_3,dnaJ_7,NA,fabG_6,cas2_2,NA,hisA
rcsC_48,clpP_2,NA,sasA_38,egtB_4,NA,steT
kaiA,clpP_3,NA,rcsC_54,glmS,NA,rlmD
kaiB_2,arnT_2,NA,tmk,psaC,NA,sphR_2
kaiC,clcB,NA,sasA_39,fmt_2,NA,sphS
rcsC_49,iscR,NA,mshA_36,minE,NA,phoU
rcp1_7,cobD_2,NA,ydeP,minD_4,NA,cysR_1
sasA_39,pyrR,NA,phoP_10,minC,NA,dpnM_2
gerN,pknD_31,NA,rssB_13,denK,NA,COQ3_6
kefB_6,dhaAF,NA,tsaE,ycf3_11,NA,arnC_11
yadH,ppk_2,NA,ruvC,cobO,NA,bepA_5
estP,vraR_2,NA,aqpZ_2,yybR,NA,gtaB
lacF_3,cheB_4,NA,mprA_4,rsmB,NA,galK
glsA2,rsgA,NA,tcrY,mtgA_3,NA,leuS
psaA_3,dnaJ_8,NA,prsA_2,nudF_1,NA,kefB_6
psaB1_2,dnaK_3,NA,btuD_24,cymR,NA,engB_2
cynS,grpE,NA,rcsC_55,cysK1_1,NA,ldhA
pvuIIM,pilT_2,NA,tenA,dnaJ_6,NA,ppsA_3
COQ5_16,epsF,NA,dapL_2,valS,NA,yloB
phoP_11,ompA_2,NA,trxB,tolB_15,NA,pfp_1
fbiC_2,mutS2,NA,sasA_40,psbA1_3,NA,ntcA
psbA3_4,trxA_1,NA,purL,hemH_2,NA,fabI
cpcG4_1,pepA,NA,purF,COQ5_17,NA,hisB
cpcG4_2,rcsC_43,NA,ribD_2,mazF9_2,NA,cpoB_17
cpcG2,sasA_35,NA,rcsC_56,menH_5,NA,hlyD_2
cpcG1,mprA_5,NA,iolG_5,frbC,NA,cysR_2
cpcF,nadK_2,NA,rnc_1,cysE_1,NA,aplIR
cpcE,petM,NA,hom,tdh,NA,sigB
cpcD,pdxA2,NA,petH,yhjQ_2,NA,dusA
cpcC,glpE_2,NA,prk_2,groL1_2,NA,menB
cpcA,rnd_3,NA,metK_1,groS_2,NA,ycf3_18
cpcB,murE,NA,rcsC_57,atpH_2,NA,vapC_2
pecF,sasA_36,NA,nrgA,hhoA_2,NA,cpoB_18
pecE,garK,NA,ispH,dnaK2_3,NA,trxB
pecC,sasA_37,NA,amtB,hspA_4,NA,alaC
pccA,dpnM_2,NA,purE,bshA_4,NA,tenA
pccB,btuD_25,NA,nagA,hspA_5,NA,gfo
rluD,rpsT,NA,chlM,bglB,NA,rcsC_49
patA_3,dtd3,NA,egtC,pntA_2,NA,ydcV
nasF_2,rpoB,NA,egtB_5,pntB_2,NA,egtB_8
murJ,rpoC,NA,egtD,pknD_29,NA,betA
tagU_2,rpoC2,NA,ilvC,lip1_2,NA,alaS
manC1,hisD_2,NA,iolS_3,csm3,NA,rbgA
rsmB,ubiD,NA,mprA_5,csm4,NA,pknD_44
mtgA_2,rimM,NA,hisG,gph_4,NA,gabD1
nudF,isiB_3,NA,cmoA,susA_2,NA,budB
cymR,gap1,NA,leuA_2,hcaB_8,NA,lacF_3
cysK1_3,tal_4,NA,aroF_4,mshA_33,NA,nucH_1
dnaJ_8,anmK,NA,dnaJ_8,xynZ,NA,petF_2
mnmA,spkA_2,NA,yeeZ,tarA,NA,auaG
arsC_2,scpB,NA,gltX,mshA_34,NA,iscS_3
rcsC_50,ispD,NA,ftsH2_2,aspS,NA,phoP_12
norR,rfaQ,NA,gpsA_1,htpX_4,NA,rcsC_50
fas5,bepA_6,NA,pytH,pcxA_4,NA,rcsC_51
kefC,malQ_1,NA,malQ_2,COQ5_18,NA,dedA
lpxG_2,yabJ,NA,glgX,hoxH,NA,apnhaP_2
metH,vte5,NA,treZ,hoxY,NA,fabG_6
argS,yidD,NA,thiD,hoxU,NA,lnrL_3
ctaE_3,cpoB_15,NA,rpsN,rsxC,NA,cas4-cas1_1
ctaD_4,COQ5_13,NA,aat,sodA2,NA,cas1_1
ctaA,glnA,NA,walR_3,msrB,NA,cas2_1
ctaB_2,apcD_2,NA,isiB_1,pckA,NA,icfA_2
COQ5_17,tlyA,NA,psbC_2,arnB_2,NA,acuR
rtcB_2,kdpB_3,NA,psbC_3,mshA_35,NA,arnE_2
pipB2_3,kdpC_2,NA,acsA_2,pyrB,NA,bchE_2
fprB,kdpD,NA,acs_2,purT,NA,gpmA_3
livF_2,ligA,NA,xfp_2,ccsB,NA,mshA_35
phoP_12,eis,NA,msrQ_2,dsbD_2,NA,bacC_3
rcsC_51,yhbE,NA,iolS_4,tolB_16,NA,gmhB
cobS,dfa3_2,NA,ynfM,pstB,NA,hldE
tgt,dfa5_2,NA,fenF,pstA_2,NA,rfaF_1
psbK,ggt,NA,yidA_2,pstC1,NA,rfaF_2
psbM,cpdA_3,NA,acpP_2,sphX_2,NA,nrtA
hepT,flhA,NA,acpS,ycf3_12,NA,cmpC_3
murI,ppsA_2,NA,fabH_2,mutS,NA,cmpB_3
nhaS3_3,pmt,NA,dmlR_1,selU,NA,cmdD
styA,cph1_4,NA,choA_2,susA_3,NA,dltA_1
ptlI,rcp1_8,NA,hcaB_5,tvaII,NA,cmoM_3
rnhA_2,sasA_38,NA,flp,rpoZ,NA,petD_3
rpmA,trmB,NA,xerC_3,xerC_4,NA,petB_3
ribD_1,cpdA_4,NA,znuB,cbpA_2,NA,hcnC_2
mreB,accC,NA,ziaR_2,glgC,NA,pvdA
fabG_3,psbX,NA,znuC,def_2,NA,dat
tagO,tolB_7,NA,znuA,ftsX,NA,metG_2
groL2,tolB_8,NA,cpoB_12,aat,NA,pncB2_2
corA,recN,NA,actP,rpsN,NA,ctcP
rnc_2,ubiB_4,NA,ycf3_14,nth,NA,leuA_3
iolG_4,smc_5,NA,rnd_3,mmpA,NA,dltA_2
rcsC_52,hisI,NA,psbA2_2,azoR,NA,tycB
ribD_2,hemL_2,NA,hemF_2,rhaR_4,NA,asnO
rcsC_53,phrB,NA,hemN_2,serS,NA,lgrD_2
aldH1_2,mnmG,NA,czcA_1,sasA_49,NA,hemL_3
cph2_2,mnmE_1,NA,mdtA_6,smc_4,NA,ggt_2
yedY1_2,perA,NA,htrA_3,infC_2,NA,sasA_33
alsD,yojI_6,NA,pknD_36,ettA,NA,aroF_3
rnjA,ugtP,NA,glgP_2,acuC,NA,mmcR
dapA,glf_3,NA,hpnP_3,gshA_2,NA,prnD_1
asd,entS_4,NA,trpS,trmL,NA,prnD_2
tig,trxA_2,NA,yitJ,clpC1,NA,prnD_3
clpP_5,yfcG_3,NA,COQ5_12,ppsA_3,NA,prnD_4
clpX,nemA_2,NA,lolD,pmt,NA,ispH_2
clcD,nox,NA,aaeA,cph1_5,NA,vraR_2
rpsA_2,tmk,NA,acpP_3,rcp1_8,NA,rcsC_52
ndoA,cat,NA,pksE_2,sasA_50,NA,gpmB_2
crtI_2,ycf3_13,NA,auaH_4,gph_5,NA,trpD2_2
mkl,pknD_32,NA,yojI_2,ndbB_3,NA,trpB_3
mshA_32,recQ,NA,pknD_37,iscS_1,NA,trpA_2
cpnA,czcA,NA,cheB_7,queA_2,NA,trpC_2
gmhB,mdtA_4,NA,lipA2,ycf3_13,NA,menF_2
hldE,tcrA_4,NA,livH_3,ktrA,NA,aroF_4
rfaF,sasA_39,NA,arcB_2,ktrB,NA,ispG_2
pimB_2,rnz,NA,sphR_2,cpoB_22,NA,dxs_3
dagK,cpoB_16,NA,sphS,cysG_2,NA,novQ
rcsC_54,ctaE_3,NA,phoU,coaE,NA,ptlD
tmk,ctaD_3,NA,cysR_2,tldD_2,NA,dxr_2
nox,fdxB,NA,COQ3_5,hcaR_4,NA,coaE_2
nemA_2,frbC_2,NA,arnC_12,apcB_3,NA,COQ5_15
yfcG_2,rcsC_44,NA,fbiC_2,psbC_3,NA,pfp_2
trxA_2,cheB2,NA,fcl,dapF_2,NA,prnA
entS_4,cheR_2,NA,gmd_2,iscS_2,NA,ebrB
htrA_5,rcsC_45,NA,mshA_37,rcsC_62,NA,ksi
pknD_45,undec1A,NA,pgsA,rcsC_63,NA,linC
gabD1,estB_2,NA,aspA,sufS,NA,livQ_3
budB,purH,NA,cpoB_13,xseB,NA,ndbB_4
rcsC_55,purB,NA,cpoB_14,xseA,NA,ftsH_4
gabR,dhaA_2,NA,fabG_7,recA,NA,lnrJ
pdxJ_2,glgB,NA,yhgF,spkB_3,NA,soj_2
gutB_2,yacL,NA,rip3_2,smtA,NA,spo0J
egtB_5,hemW,NA,yqeN,hemL,NA,psbA2_3
pknD_46,clpS_2,NA,fmt,hisI,NA,macA_2
hspA_4,hisC,NA,lptB_3,mdrP,NA,yknY_3
amiB2,bchE_2,NA,lptA,phoP_10,NA,hdc_3
mtnN,msrB,NA,ftrC,ppaX,NA,mbtH
alaS,metH,NA,typA,panD,NA,hemL_4
rbgA,pucG,NA,prs,ppa_2,NA,lgrD_3
epsN,pknD_33,NA,pknD_38,aspA,NA,lgrD_4
rmlD,bamA_5,NA,bioD1,pgsA,NA,tycC_2
obg,cobL,NA,scmP_2,mshA_36,NA,grsB
sir_3,kmo_2,NA,ilvH,gmd_3,NA,ectB
upp_2,leuA_2,NA,mobA_2,fcl,NA,lgrD_5
crtNb,ftsH2_2,NA,ble,ygfA,NA,lgrD_6
prsA,sasA_40,NA,clpP_3,araQ_2,NA,lgrD_7
btuD_22,nhaP2_3,NA,rnr_2,wcaJ_2,NA,btuB_2
luxQ,petB_3,NA,ubiX,potF,NA,yfiY
cheB_6,cheR1,NA,csm3,ycf3_14,NA,yusV
cheB_7,cheB1,NA,csm4,ribE,NA,yfhA
gsiA_2,cheW,NA,murQ,birA,NA,yfiZ
oxyE,cheY,NA,panC/cmk,exsA,NA,btuD_25
ugpC,rcsC_46,NA,rlpA_2,amiB2,NA,lagD_2
cysS,nifJ,NA,uvrA,rcsC_64,NA,higB
yciC,crtN_2,NA,hdc,btuF,NA,higA
dtd,cpoB_17,NA,ureC,prtS,NA,xerC_3
moaB,tldD_3,NA,ureB1,dsdA,NA,sigA2_5
rhlB,pmbA_2,NA,aqpZ_3,mtfA,NA,lnrK_2
sat,pyrB,NA,hcaB_6,todB_1,NA,htrA_5
lyr,IMPDH_2,NA,cefD_2,fetB_2,NA,xerC_4
arnT_4,gatA_2,NA,ecfA1,fetA,NA,dnaB_2
ycf3_11,ecfA2_2,NA,deoC2,btuC,NA,xerD_2
gatD,pcyA,NA,recO,yusV,NA,xerC_5
prfB,yknY_5,NA,mshA_38,hcaB_9,NA,egtB_9
ybeY,rcsC_47,NA,recR,mbtH,NA,nucH_2
dgkA,rcsC_48,NA,tatAy,dltA_2,NA,soj_3
pyrG,ycf3_14,NA,cphA,panP_1,NA,yvgN
pkwA_2,mutS,NA,cphB_2,panP_2,NA,yhbO_2
yjiA_2,amiC,NA,trmD,lgrB_1,NA,rcsC_53
mnmE_2,livH_2,NA,ispF,ectB,NA,rcsC_54
sasA_40,lptB_4,NA,larB,lgrB_2,NA,xerC_6
sasA_41,livF_3,NA,argH,lgrB_3,NA,auaH_6
pcrA_2,folD,NA,sasA_41,xerC_5,NA,recD2_1
bamHIM,pdxJ,NA,copR,xerD_3,NA,relA_2
bamHIR,gsiA_2,NA,czcR,gltI_2,NA,hspA_2
ywnH,glsA1,NA,tuaD_2,inhA,NA,arfB_1
gpt,rlpA_2,NA,murG_2,ybhR_2,NA,fabG_7
yagG,panC/cmk,NA,murG_3,ybhS_2,NA,glgX_3
cpcS1,murQ,NA,mshA_39,ybhF,NA,mntH_2
petB_2,PAD1,NA,btuD_25,emrA,NA,sasA_34
petD,rnr_2,NA,cpoB_15,betI_3,NA,pstS_4
rsbW,clpP_4,NA,pknD_39,ycf3_15,NA,mshA_36
ssrA,mobA_2,NA,atpD,ymdB,NA,mdtA_7
atpG_1,ilvH,NA,atpC,pknD_30,NA,bepE_3
atpA,scmP_2,NA,pknD_40,vapC_4,NA,ltxD_3
atpH,bioD1,NA,cydA_2,noc_2,NA,btuD_26
atpF,pknD_34,NA,adhA,ftsH_4,NA,rhaS_3
atpG_2,prs,NA,icfA,xerC_6,NA,tolB_10
atpE,pdxH_1,NA,clpB1_3,sigA2_5,NA,xerC_7
atpB,cugP_3,NA,ybhR,rcsC_65,NA,sigA2_6
comB_2,speA_2,NA,ybhS,rcsC_66,NA,stp_2
apcE_2,ndk,NA,ybhF,cheB_6,NA,sasA_35
apcA,argB,NA,cbpA,ompA_2,NA,tcrA_2
apcB_2,pknD_35,NA,dnaK2_4,ssuC_2,NA,mco
apcC,pknD_36,NA,hspA_5,rutB_2,NA,copB
prmC_2,sucD,NA,rssB_14,csaA,NA,gloB_2
rcsC_56,fetB_2,NA,sasA_42,gntR,NA,czcA
rutB_2,desV_3,NA,tcrX,fabG_4,NA,lolD_2
ftsW_2,atzE,NA,phoP_11,ilvB_2,NA,ndhH_2
galE,msmX,NA,clcB_1,COQ5_19,NA,tolB_11
yheI,sugB,NA,hpf_2,murG_3,NA,mmaA4
relK,lnt,NA,guaB,msbA,NA,dltA_3
yefM,gyrA_1,NA,zwf1,pkwA_5,NA,dltA_4
clpC_2,rcsC_49,NA,amyS,pkwA_6,NA,parA
der_3,amyX,NA,lon2_2,soj_2,NA,noc_2
bepA_5,lpdA,NA,ubiB_4,noc_3,NA,rcsC_55
hpnP_3,trpC_3,NA,groL1_2,noc_4,NA,degU_3
yojI_2,btuD_26,NA,groS_2,soj_3,NA,dnaB_3
galT,gsiC,NA,ftsH4_3,hxlR_2,NA,higB-1
phoP_13,apt,NA,cpoB_16,fabL_2,NA,ybaQ_2
rcsC_57,mtgA_4,NA,pipB2_4,mhqR,NA,cas2b
rcsC_58,lspA,NA,rocA,pcpF,NA,cas1_2
dfa1,pstC,NA,rcsC_58,csd_2,NA,xerC_8
dfa5_3,pstA_3,NA,btuF_2,xerC_7,NA,rhlE_2
aroE,pstB,NA,prtS,pal_4,NA,smc_5
menH_9,larE,NA,ntcA,xerC_8,NA,der_3
iolS_4,rcsC_50,NA,fabI,xerD_4,NA,tolB_12
nanE,livH_3,NA,hisB,todF,NA,hdhA
rcsC_59,psaX,NA,glyQ,dnaC,NA,fabH_3
cobN_2,lipA2,NA,pipB2_5,dnaB,NA,ilvB_2
fur_2,mprA_6,NA,divK_3,xerC_9,NA,tolB_13
sigA2_3,pknD_37,NA,mshA_40,sphX_3,NA,xerC_9
gpsA,baiN,NA,mshA_41,psbA3_4,NA,ftsH_5
lipA,comB,NA,ecfA2_2,lgrD_4,NA,tolB_14
dnaJ_9,mtnB,NA,phoP_12,lgrB_4,NA,cas1_3
dnaK_3,mtnX,NA,rcsC_59,xerC_10,NA,dnaN_2
grpE_2,mtnD,NA,aroE,cckA,NA,hspA_3
lytC,mrdA,NA,menH_10,vapC_5,NA,arfB_2
arnC_11,nfuA_2,NA,iolS_5,yyaP,NA,cas2_2
srrA_2,rcsC_51,NA,nanE,yhaZ,NA,cas4-cas1_2
ndhM,lepA,NA,rcsC_60,pldh-t,NA,devS
yhbO,amtB,NA,cobN_2,corA_2,NA,devR_2
pepP_2,purE,NA,fur_2,lgrD_5,NA,devT
petF_2,nagA,NA,sigA2_4,mmgC,NA,cas3
petJ_5,chlM,NA,gpsA_2,mmgB,NA,cas6
iolS_5,egtD_2,NA,lipA,ppsE,NA,pipB2_5
wbpA,ilvC,NA,grpE_2,lgrD_6,NA,egtB_10
iolG_5,iolS_2,NA,arnC_13,btuB_2,NA,egtB_11
wbpD,tcrA_5,NA,srrA,yfiY,NA,noc_3
desV_3,hisG,NA,ndhM,rarA,NA,cpoB_19
arnE_3,cmoA,NA,yhbO,COQ5_20,NA,aspC_2
arnE_4,cydB,NA,pepP_1,slmA_2,NA,mrsA
ppm1_2,appC,NA,btuD_26,nrtD_2,NA,xerD_3
wbpI,cysC_2,NA,oleB,ssuC_3,NA,recD2_2
hepA_4,lapB,NA,cmpA,COQ5_21,NA,gph_6
mshA_33,spoIIAA,NA,cmpB_2,leuS_3,NA,xerD_4
mshA_34,rssB_11,NA,cmpC_4,pld1,NA,xerC_10
COQ3_7,iolG_2,NA,cmpD_3,rhaS_3,NA,dap
mshA_35,map_2,NA,bicA_3,bacC_3,NA,rapA_4
mshA_36,tolB_9,NA,nhaS3_3,azoB_2,NA,noc_4
COQ5_18,mshA_33,NA,hutZ,dmlR,NA,xerC_11
dapH_2,mshA_34,NA,yajO_2,egtB_5,NA,soj_4
tldD_3,dhaA_3,NA,dps_3,xerC_11,NA,rapA_5
pmbA,treZ,NA,cysG,rip3_3,NA,xerD_5
mshA_37,glgX_3,NA,dapL_3,fgd_1,NA,NA
cysA_2,ycf3_15,NA,luxQ,fgd_2,NA,NA
purT,htpX_5,NA,merA_2,pstS_2,NA,NA
sasA_42,murAA,NA,blh,cga,NA,NA
rcp1_8,aviRb,NA,psb28_2,isiB_2,NA,NA
cph1_5,murT,NA,cysL,htrA_5,NA,NA
spkC_3,mtnP,NA,sasA_43,phoP_11,NA,NA
yrrB,sasA_41,NA,tcrA_2,catD,NA,NA
pknD_47,miaA,NA,pgmB,todS_2,NA,NA
yqjG_2,gyrB,NA,COQ5_13,ecfT_2,NA,NA
gatC,rpoD_2,NA,fabF_2,ykoD,NA,NA
ycf3_12,gyrA_2,NA,ycf4,rssB_17,NA,NA
yedK,divK_2,NA,psbC_4,dap,NA,NA
yfcG_3,cpoB_18,NA,pknD_41,yhhT_4,NA,NA
crtI_3,mdtA_5,NA,rnc_2,mscS_2,NA,NA
ydhR,macB_5,NA,dnaJ_9,xerC_12,NA,NA
bphA3,yknY_6,NA,clpP_4,csbC,NA,NA
nrtD_2,bamA_6,NA,clpP_5,COQ5_22,NA,NA
aprA,pdxH_2,NA,arnT_3,btuD_27,NA,NA
rcsC_60,rssB_12,NA,clcB_2,rhaS_4,NA,NA
walR_5,ompR,NA,iscR,betB,NA,NA
apbC_2,patA_5,NA,cobD_2,ltrA_2,NA,NA
yafP,dapH,NA,pyrR,slyA,NA,NA
mtgA_3,hrcA,NA,COQ5_14,nifJ_2,NA,NA
yfhM,hcaB_3,NA,pepP_2,pyrD_2,NA,NA
sasA_43,cpoB_19,NA,COQ3_6,recB,NA,NA
glnQ_4,psaE,NA,nit1,rssB_18,NA,NA
mltF,mutM,NA,coaD,menG,NA,NA
wcaJ,ndhO,NA,lgt_2,xfp,NA,NA
sigA2_4,mdh,NA,cpoB_17,vapC_6,NA,NA
ndhB_3,bshA_4,NA,fusA_2,COQ5_23,NA,NA
topA_2,murG_2,NA,livF_3,petC_1,NA,NA
aroQ,murG_3,NA,lnrL_3,phnE,NA,NA
yqgF,mprA_7,NA,gap1,glnQ_3,NA,NA
sasA_44,sasA_42,NA,dnaE,mazG,NA,NA
menB,fni,NA,dctA,styD,NA,NA
ftsH_4,sppA_2,NA,recN,petC_2,NA,NA
dusA,chlL,NA,ubiB_5,proA_2,NA,NA
sigB,chlN,NA,rutB_3,pstS_3,NA,NA
cysR_2,valS,NA,aatB,pknD_31,NA,NA
cysW,malQ_2,NA,metK_2,dagK,NA,NA
cysT,vapC_4,NA,dhpH,mdtK,NA,NA
sbpA,typA,NA,dmlR_2,rhaS_5,NA,NA
dhaL,pipB2_6,NA,crnA,hemC,NA,NA
dhaK,lutA,NA,uvsE,glgA_2,NA,NA
ctpC,sasA_43,NA,dnaK_2,apaH_2,NA,NA
def_2,yqgF,NA,rcsC_61,bepA_4,NA,NA
NA,upp_2,NA,bamA_5,lip3,NA,NA
NA,ribA,NA,tfdS,btuD_28,NA,NA
NA,mshA_35,NA,cnrA_1,tagA,NA,NA
NA,rplS,NA,merR1_2,degU_5,NA,NA
NA,nusG,NA,sigA2_5,spoIIAB,NA,NA
NA,rplK,NA,sigA2_6,xerD_5,NA,NA
NA,rplA,NA,cnrA_2,xerC_13,NA,NA
NA,rplJ,NA,cusA,dxs_2,NA,NA
NA,rplL,NA,czcA_2,mtnA,NA,NA
NA,pknD_38,NA,mdtA_7,pknD_32,NA,NA
NA,pknD_39,NA,isiB_2,argS,NA,NA
NA,ysnE,NA,garB_2,cysS,NA,NA
NA,betI,NA,yhjQ,yciC_3,NA,NA
NA,mtnA,NA,dbpA_4,dtd,NA,NA
NA,dxs_3,NA,rcsC_62,moaB,NA,NA
NA,hemE,NA,arlR_3,ilvC,NA,NA
NA,ptrB,NA,sigA2_7,iolS_3,NA,NA
NA,malE,NA,sigA2_8,chlN,NA,NA
NA,crtX,NA,ziaR_3,chlL,NA,NA
NA,ykfA,NA,ziaA,ycf3_16,NA,NA
NA,era_2,NA,pcxA_2,gcvT_2,NA,NA
NA,liaR_3,NA,mdtB,gcvH,NA,NA
NA,aroA1,NA,czcA_3,gcvP,NA,NA
NA,cefD_2,NA,sigA2_9,pds_3,NA,NA
NA,gldA,NA,cnrA_3,era_4,NA,NA
NA,dapL_2,NA,mdtF,xerD_6,NA,NA
NA,acr3,NA,mdtA_8,xerC_14,NA,NA
NA,arsH,NA,mprF_2,zupT,NA,NA
NA,arsC,NA,ybhN,ydfG,NA,NA
NA,mnmE_2,NA,kimA,murG_4,NA,NA
NA,sasA_44,NA,sigA2_10,sasA_51,NA,NA
NA,cobK,NA,sipT_3,davT,NA,NA
NA,cbiD,NA,clcA_2,aldHT,NA,NA
NA,rpiA,NA,crcB_2,COQ5_24,NA,NA
NA,mbhA,NA,bamA_6,iolA,NA,NA
NA,rsmG,NA,sphR_3,ipdC,NA,NA
NA,cbiC,NA,sphR_4,crp,NA,NA
NA,dapB,NA,ilvD,oxyT,NA,NA
NA,thiD,NA,sphR_5,trmR_2,NA,NA
NA,malP,NA,cysK1_4,mnmE_2,NA,NA
NA,stp,NA,mshD_2,cpg2,NA,NA
NA,trmR_2,NA,NA,kaiB_3,NA,NA
NA,hxlR,NA,NA,ispG,NA,NA
NA,ddpX,NA,NA,thrB_2,NA,NA
NA,iolG_3,NA,NA,hhoB,NA,NA
NA,yjcG,NA,NA,scpB,NA,NA
NA,queF,NA,NA,ispD,NA,NA
NA,ccsB,NA,NA,rfaQ,NA,NA
NA,dsbD,NA,NA,bepA_5,NA,NA
NA,pknD_40,NA,NA,malQ_2,NA,NA
NA,mdtC_3,NA,NA,yabJ,NA,NA
NA,macA,NA,NA,bepA_6,NA,NA
NA,cpeS2,NA,NA,rcsC_67,NA,NA
NA,dfa5_3,NA,NA,rcp1_9,NA,NA
NA,NA,NA,NA,rcsC_68,NA,NA
NA,NA,NA,NA,rcsC_69,NA,NA
NA,NA,NA,NA,pknD_33,NA,NA
NA,NA,NA,NA,cheB_7,NA,NA
NA,NA,NA,NA,lipA2,NA,NA
NA,NA,NA,NA,psaX,NA,NA
NA,NA,NA,NA,livH_2,NA,NA
NA,NA,NA,NA,rcsC_70,NA,NA
NA,NA,NA,NA,larE,NA,NA
NA,NA,NA,NA,ileS_1,NA,NA
NA,NA,NA,NA,bepA_7,NA,NA
NA,NA,NA,NA,cysE_2,NA,NA
NA,NA,NA,NA,glcP,NA,NA
NA,NA,NA,NA,todB_2,NA,NA
NA,NA,NA,NA,fur,NA,NA
NA,NA,NA,NA,xerC_15,NA,NA
NA,NA,NA,NA,pknD_34,NA,NA
NA,NA,NA,NA,rplL,NA,NA
NA,NA,NA,NA,rplJ,NA,NA
NA,NA,NA,NA,rplA,NA,NA
NA,NA,NA,NA,rplK,NA,NA
NA,NA,NA,NA,nusG,NA,NA
NA,NA,NA,NA,rplS,NA,NA
NA,NA,NA,NA,pimA,NA,NA
NA,NA,NA,NA,mdtC_3,NA,NA
NA,NA,NA,NA,macA_2,NA,NA
NA,NA,NA,NA,cpeS2,NA,NA
NA,NA,NA,NA,dfa5_4,NA,NA
NA,NA,NA,NA,dfa3_3,NA,NA
NA,NA,NA,NA,coaX,NA,NA
NA,NA,NA,NA,argH,NA,NA
NA,NA,NA,NA,larB,NA,NA
NA,NA,NA,NA,ispF,NA,NA
NA,NA,NA,NA,trmD,NA,NA
NA,NA,NA,NA,cphB_2,NA,NA
NA,NA,NA,NA,cphA,NA,NA
NA,NA,NA,NA,tatAy,NA,NA
NA,NA,NA,NA,pknD_35,NA,NA
NA,NA,NA,NA,cbiT,NA,NA
NA,NA,NA,NA,rhaS_6,NA,NA
NA,NA,NA,NA,dps_4,NA,NA
NA,NA,NA,NA,recG,NA,NA
NA,NA,NA,NA,tsf,NA,NA
NA,NA,NA,NA,rpsB,NA,NA
NA,NA,NA,NA,arnC_9,NA,NA
NA,NA,NA,NA,argG,NA,NA
NA,NA,NA,NA,rpsF,NA,NA
NA,NA,NA,NA,glyA,NA,NA
NA,NA,NA,NA,cinA,NA,NA
NA,NA,NA,NA,rbsK,NA,NA
NA,NA,NA,NA,tadA_3,NA,NA
NA,NA,NA,NA,nudF_2,NA,NA
NA,NA,NA,NA,gatD,NA,NA
NA,NA,NA,NA,leuA_2,NA,NA
NA,NA,NA,NA,kmo,NA,NA
NA,NA,NA,NA,cysA_2,NA,NA
NA,NA,NA,NA,queF,NA,NA
NA,NA,NA,NA,yjcG,NA,NA
NA,NA,NA,NA,ydbD_2,NA,NA
NA,NA,NA,NA,nasF,NA,NA
NA,NA,NA,NA,patA_6,NA,NA
NA,NA,NA,NA,rluD,NA,NA
NA,NA,NA,NA,pccB,NA,NA
NA,NA,NA,NA,pccA,NA,NA
NA,NA,NA,NA,pecC,NA,NA
NA,NA,NA,NA,pecE,NA,NA
NA,NA,NA,NA,pecF,NA,NA
NA,NA,NA,NA,cpcB,NA,NA
NA,NA,NA,NA,cpcA,NA,NA
NA,NA,NA,NA,cpcC,NA,NA
NA,NA,NA,NA,cpcD,NA,NA
NA,NA,NA,NA,cpcE,NA,NA
NA,NA,NA,NA,cpcF,NA,NA
NA,NA,NA,NA,cpcG1,NA,NA
NA,NA,NA,NA,cpcG2,NA,NA
NA,NA,NA,NA,cpcG4_1,NA,NA
NA,NA,NA,NA,cpcG4_2,NA,NA
NA,NA,NA,NA,pepP_1,NA,NA
NA,NA,NA,NA,aroE,NA,NA
NA,NA,NA,NA,menH_6,NA,NA
NA,NA,NA,NA,iolS_4,NA,NA
NA,NA,NA,NA,ggt,NA,NA
NA,NA,NA,NA,ileS_2,NA,NA
NA,NA,NA,NA,gnd,NA,NA
NA,NA,NA,NA,pknD_36,NA,NA
NA,NA,NA,NA,lipM,NA,NA
NA,NA,NA,NA,pknD_37,NA,NA
NA,NA,NA,NA,rip3_4,NA,NA
NA,NA,NA,NA,psaK_2,NA,NA
NA,NA,NA,NA,psaK_3,NA,NA
NA,NA,NA,NA,trpF_2,NA,NA
NA,NA,NA,NA,folE,NA,NA
NA,NA,NA,NA,actIII,NA,NA
NA,NA,NA,NA,accA,NA,NA
NA,NA,NA,NA,araQ_3,NA,NA
NA,NA,NA,NA,macB_6,NA,NA
NA,NA,NA,NA,aaeA,NA,NA
NA,NA,NA,NA,glf_2,NA,NA
NA,NA,NA,NA,ugtP_3,NA,NA
NA,NA,NA,NA,mshA_37,NA,NA
NA,NA,NA,NA,ugtP_4,NA,NA
NA,NA,NA,NA,ppsB,NA,NA
NA,NA,NA,NA,rcsC_71,NA,NA
NA,NA,NA,NA,mprA_12,NA,NA
NA,NA,NA,NA,mshA_38,NA,NA
NA,NA,NA,NA,mfppA_2,NA,NA
NA,NA,NA,NA,cysK1_2,NA,NA
NA,NA,NA,NA,bamA_4,NA,NA
NA,NA,NA,NA,pknD_38,NA,NA
NA,NA,NA,NA,xerD_7,NA,NA
NA,NA,NA,NA,xerC_16,NA,NA
NA,NA,NA,NA,rpsU,NA,NA
NA,NA,NA,NA,rpsP,NA,NA
NA,NA,NA,NA,ffh,NA,NA
NA,NA,NA,NA,pepP_2,NA,NA
NA,NA,NA,NA,oleB_2,NA,NA
NA,NA,NA,NA,fitB,NA,NA
NA,NA,NA,NA,higA_2,NA,NA
NA,NA,NA,NA,xerC_17,NA,NA
